listing_url,title,stock_type,price,location,km_driven,fuel_type,transmission,reg_state,other_specs
https://www.cars24.com/buy-used-maruti-swift-2023-cars-hyderabad-10496773111/,,,,,,,,,[]
https://www.cars24.com/buy-used-hyundai-elite-i20-2019-cars-hyderabad-12265678196/,,,,,,,,,[]
https://www.cars24.com/buy-used-tata-nexon-2023-cars-hyderabad-10433492101/,,,,,,,,,[]
https://www.cars24.com/buy-used-maruti-swift-2020-cars-hyderabad-10412694107/,,,,,,,,,[]
https://www.cars24.com/buy-used-maruti-swift-2022-cars-hyderabad-10051494130/,,,,,,,,,[]
https://www.cars24.com/buy-used-tata-nexon-2022-cars-hyderabad-10470792126/,,,,,,,,,[]
https://www.cars24.com/buy-used-renault-kwid-2023-cars-hyderabad-10452963764/,,,,,,,,,[]
https://www.cars24.com/buy-used-kia-seltos-2021-cars-hyderabad-10493676156/,,,,,,,,,[]
https://www.cars24.com/buy-used-maruti-ertiga-2016-cars-hyderabad-10469272153/,,,,,,,,,[]
https://www.cars24.com/buy-used-hyundai-grand-i10-2019-cars-hyderabad-10417092101/,,,,,,,,,[]
https://www.cars24.com/buy-used-maruti-celerio-2021-cars-hyderabad-10776772195/,,,,,,,,,[]
https://www.cars24.com/buy-used-hyundai-santro-xing-2014-cars-hyderabad-19525798106/,,,,,,,,,[]
https://www.cars24.com/buy-used-hyundai-creta-2018-cars-hyderabad-10412099185/,,,,,,,,,[]
https://www.cars24.com/buy-used-ford-ecosport-2017-cars-hyderabad-10442496142/,,,,,,,,,[]
https://www.cars24.com/buy-used-tata-altroz-2021-cars-hyderabad-12218574193/,,,,,,,,,[]
https://www.cars24.com/buy-used-maruti-dzire-2018-cars-hyderabad-10443978177/,,,,,,,,,[]
https://www.cars24.com/buy-used-maruti-vitara-brezza-2022-cars-hyderabad-12233171175/,,,,,,,,,[]
https://www.cars24.com/buy-used-honda-amaze-2021-cars-hyderabad-10423993163/,,,,,,,,,[]
https://www.cars24.com/buy-used-skoda-slavia-2022-cars-hyderabad-10431770171/,,,,,,,,,[]
https://www.cars24.com/buy-used-maruti-baleno-2017-cars-hyderabad-10434179150/,,,,,,,,,[]
https://www.cars24.com/buy-used-mahindra-xuv700-2022-cars-hyderabad-10486470157/,2022 Mahindra XUV700,Cars24 Owned Stock,₹12.24 lakh,"Kompally, Hyderabad","45,924 km",Petrol,Manual,TS-11,[]
https://www.cars24.com/buy-used-mahindra-bolero-2022-cars-hyderabad-10089778159/,2022 Mahindra Bolero,Cars24 Owned Stock,₹7.36 lakh,"Uppal, Hyderabad","1,18,970 km",Diesel,Manual,TS-10,[]
https://www.cars24.com/buy-used-maruti-celerio-2017-cars-hyderabad-10489272112/,2017 Maruti Celerio,Cars24 Owned Stock,₹3.85 lakh,"Kompally, Hyderabad","17,355 km",Petrol,Manual,AP-39,[]
https://www.cars24.com/buy-used-mahindra-xuv700-2022-cars-hyderabad-10430072195/,2022 Mahindra XUV700,Cars24 Owned Stock,₹11.11 lakh,"Bachupally, Hyderabad","82,103 km",Petrol,Manual,TS-08,[]
https://www.cars24.com/buy-used-hyundai-creta-2018-cars-hyderabad-10415194187/,2018 Hyundai Creta,Cars24 Owned Stock,₹7.69 lakh,"Upperpally, Attapur, Hyderabad","83,407 km",Petrol,Manual,TS-08,[]
https://www.cars24.com/buy-used-nissan-magnite-2025-cars-hyderabad-10451478183/,2025 Nissan MAGNITE,Cars24 Owned Stock,₹6.93 lakh,"Bachupally, Hyderabad","11,559 km",Petrol,Manual,TG-07,[]
https://www.cars24.com/buy-used-maruti-swift-2023-cars-hyderabad-15817094102/,2023 Maruti Swift,Cars24 Owned Stock,₹5.67 lakh,"Kompally, Hyderabad","91,940 km",CNG,Manual,AP-39,[]
https://www.cars24.com/buy-used-volkswagen-taigun-2022-cars-hyderabad-10414270151/,2022 Volkswagen TAIGUN,Cars24 Owned Stock,₹8.03 lakh,"Kompally, Hyderabad","94,154 km",Petrol,Manual,TS-07,[]
https://www.cars24.com/buy-used-skoda-slavia-2022-cars-hyderabad-10058875175/,2022 Skoda SLAVIA,Cars24 Owned Stock,₹7.12 lakh,"Bachupally, Hyderabad","69,928 km",Petrol,Manual,TS-16,[]
https://www.cars24.com/buy-used-datsun-redi-go-2021-cars-hyderabad-10407191182/,2021 Datsun Redi Go,Cars24 Owned Stock,₹2.27 lakh,"Kompally, Hyderabad","1,40,060 km",Petrol,Manual,TS-07,[]
https://www.cars24.com/buy-used-kia-sonet-2020-cars-hyderabad-12217979194/,2020 KIA SONET,Cars24 Owned Stock,₹8.18 lakh,"Kompally, Hyderabad","65,337 km",Petrol,,TS-08,['Auto']
https://www.cars24.com/buy-used-toyota-urban-cruiser-hyryder-2023-cars-hyderabad-10453476116/,2023 Toyota URBAN CRUISER HYRYDER,Cars24 Owned Stock,₹14.73 lakh,"GVK One Mall, Banjara Hills, Hyderabad, Telangana","18,923 km",Petrol,,TS-09,['Auto']
https://www.cars24.com/buy-used-maruti-swift-2021-cars-hyderabad-10410776198/,2021 Maruti Swift,Cars24 Owned Stock,₹6.01 lakh,"Bachupally, Hyderabad","56,613 km",Petrol,Manual,TS-08,[]
https://www.cars24.com/buy-used-tata-nexon-2022-cars-hyderabad-10435579115/,2022 Tata NEXON,Cars24 Owned Stock,₹6.85 lakh,"Bachupally, Hyderabad","50,933 km",Petrol,Manual,AP-39,[]
https://www.cars24.com/buy-used-maruti-swift-2023-cars-hyderabad-10454896149/,2023 Maruti Swift,Cars24 Owned Stock,₹6.42 lakh,"Upperpally, Attapur, Hyderabad","62,871 km",Petrol,Manual,TS-07,[]
https://www.cars24.com/buy-used-tata-nexon-2021-cars-hyderabad-10497277115/,2021 Tata NEXON,Cars24 Owned Stock,₹7.50 lakh,"Kompally, Hyderabad","44,162 km",Petrol,,TS-09,['Auto']
https://www.cars24.com/buy-used-kia-seltos-2022-cars-hyderabad-10488764741/,2022 KIA SELTOS,Cars24 Owned Stock,₹8.41 lakh,"Kompally, Hyderabad","1,42,977 km",Diesel,Manual,TS-09,[]
https://www.cars24.com/buy-used-renault-kwid-2023-cars-hyderabad-10487899166/,2023 Renault Kwid,Cars24 Owned Stock,₹4.52 lakh,"Upperpally, Attapur, Hyderabad","41,976 km",Petrol,,TS-08,['Auto']
https://www.cars24.com/buy-used-mg-hector-plus-2022-cars-hyderabad-12259695148/,2022 MG HECTOR PLUS,Cars24 Owned Stock,₹13.44 lakh,"Kompally, Hyderabad","61,224 km",Diesel,Manual,AP-39,[]
https://www.cars24.com/buy-used-maruti-dzire-2022-cars-hyderabad-10476079119/,2022 Maruti Dzire,Cars24 Owned Stock,₹6.57 lakh,"GVK One Mall, Banjara Hills, Hyderabad, Telangana","42,311 km",Petrol,,TS-09,['Auto']
https://www.cars24.com/buy-used-hyundai-grand-i10-2020-cars-hyderabad-10464198129/,2020 Hyundai Grand i10,Cars24 Owned Stock,₹4.82 lakh,"GVK One Mall, Banjara Hills, Hyderabad, Telangana","50,458 km",Petrol,Manual,TS-06,[]
https://www.cars24.com/buy-used-ford-ecosport-2017-cars-hyderabad-10478295129/,2017 Ford Ecosport,Cars24 Owned Stock,₹4.61 lakh,"Bachupally, Hyderabad","52,713 km",Petrol,Manual,TS-07,[]
https://www.cars24.com/buy-used-honda-amaze-2018-cars-hyderabad-10487597185/,2018 Honda Amaze,Cars24 Owned Stock,₹5.03 lakh,"Kompally, Hyderabad","70,234 km",Petrol,,TS-08,['Auto']
https://www.cars24.com/buy-used-maruti-ertiga-2016-cars-hyderabad-10438079110/,2016 Maruti Ertiga,Cars24 Owned Stock,₹6.26 lakh,"Kompally, Hyderabad","1,47,738 km",Diesel,Manual,TS-13,[]
https://www.cars24.com/buy-used-mg-astor-2022-cars-hyderabad-10419479155/,2022 MG ASTOR,Cars24 Owned Stock,₹9.67 lakh,"GVK One Mall, Banjara Hills, Hyderabad, Telangana","41,324 km",Petrol,Manual,AP-39,[]
https://www.cars24.com/buy-used-maruti-celerio-2017-cars-hyderabad-10462075173/,2017 Maruti Celerio,Cars24 Owned Stock,₹3.20 lakh,"GVK One Mall, Banjara Hills, Hyderabad, Telangana","53,708 km",Petrol,Manual,TS-08,[]
https://www.cars24.com/buy-used-skoda-slavia-2022-cars-hyderabad-10455771180/,2022 Skoda SLAVIA,Cars24 Owned Stock,₹12.04 lakh,"Bachupally, Hyderabad","24,111 km",Petrol,Manual,TS-07,[]
https://www.cars24.com/buy-used-hyundai-grand-i10-2015-cars-hyderabad-10429499189/,2015 Hyundai Grand i10,Cars24 Owned Stock,₹3.58 lakh,"Upperpally, Attapur, Hyderabad","58,314 km",Petrol,Manual,TS-09,[]
https://www.cars24.com/buy-used-mahindra-xuv700-2022-cars-hyderabad-10480370152/,2022 Mahindra XUV700,Cars24 Owned Stock,₹12.90 lakh,"Kompally, Hyderabad","77,021 km",Petrol,Manual,TS-34,[]
https://www.cars24.com/buy-used-mahindra-xuv700-2021-cars-hyderabad-10410393164/,2021 Mahindra XUV700,Cars24 Owned Stock,₹13.58 lakh,"Upperpally, Attapur, Hyderabad","1,33,099 km",Petrol,,TS-36,['Auto']
https://www.cars24.com/buy-used-maruti-swift-2024-cars-hyderabad-10439870177/,2024 Maruti Swift,Cars24 Owned Stock,₹7.29 lakh,"Kompally, Hyderabad","47,222 km",Petrol,Manual,TG-03,[]
https://www.cars24.com/buy-used-skoda-rapid-2013-cars-hyderabad-13636799176/,2013 Skoda Rapid,Cars24 Owned Stock,₹2.96 lakh,"Kompally, Hyderabad","92,633 km",Diesel,Manual,AP-28,[]
https://www.cars24.com/buy-used-landrover-range-rover-evoque-2021-cars-hyderabad-10420596165/,2021 Landrover Range Rover Evoque,Cars24 Owned Stock,₹40.93 lakh,"GVK One Mall, Banjara Hills, Hyderabad, Telangana","15,313 km",Petrol,,TS-07,['Auto']
https://www.cars24.com/buy-used-maruti-swift-2018-cars-hyderabad-10453973199/,2018 Maruti Swift,Cars24 Owned Stock,₹5.11 lakh,"Kompally, Hyderabad","57,878 km",Petrol,,TS-07,['Auto']
https://www.cars24.com/buy-used-maruti-ertiga-2023-cars-hyderabad-10408978170/,2023 Maruti Ertiga,Cars24 Owned Stock,₹10.23 lakh,"Uppal, Hyderabad","30,179 km",Petrol,,TS-11,['Auto']
https://www.cars24.com/buy-used-tata-nexon-2017-cars-hyderabad-10440879118/,2017 Tata NEXON,Cars24 Owned Stock,₹5.58 lakh,"Kompally, Hyderabad","37,134 km",Petrol,Manual,TS-09,[]
https://www.cars24.com/buy-used-maruti-dzire-2022-cars-hyderabad-10467574199/,2022 Maruti Dzire,Cars24 Owned Stock,₹6.30 lakh,"Upperpally, Attapur, Hyderabad","60,469 km",Petrol,,TS-07,['Auto']
https://www.cars24.com/buy-used-maruti-baleno-2018-cars-hyderabad-10451806785/,2018 Maruti Baleno,Cars24 Owned Stock,₹5.32 lakh,"Uppal, Hyderabad","60,303 km",Petrol,,TS-15,['Auto']
https://www.cars24.com/buy-used-hyundai-creta-2023-cars-hyderabad-10414277111/,2023 Hyundai Creta,Cars24 Owned Stock,₹14.60 lakh,"Kompally, Hyderabad","31,183 km",Petrol,,TS-30,['Auto']
https://www.cars24.com/buy-used-ford-ecosport-2019-cars-hyderabad-10476692183/,2019 Ford Ecosport,Cars24 Owned Stock,₹5.71 lakh,"Kompally, Hyderabad","76,553 km",Petrol,Manual,TS-07,[]
https://www.cars24.com/buy-used-hyundai-grand-i10-2015-cars-hyderabad-10456499125/,2015 Hyundai Grand i10,Cars24 Owned Stock,₹2.99 lakh,"Bachupally, Hyderabad","1,40,829 km",Petrol,Manual,TS-09,[]
https://www.cars24.com/buy-used-maruti-alto-800-2016-cars-hyderabad-10444179153/,2016 Maruti Alto 800,Cars24 Owned Stock,₹2.45 lakh,"Bachupally, Hyderabad","43,060 km",Petrol,Manual,TS-09,[]
https://www.cars24.com/buy-used-honda-amaze-2019-cars-hyderabad-10477493136/,2019 Honda Amaze,Cars24 Owned Stock,₹5.49 lakh,"Uppal, Hyderabad","1,15,218 km",Diesel,,TS-08,['Auto']
https://www.cars24.com/buy-used-kia-carens-2024-cars-hyderabad-10089378157/,2024 KIA CARENS,Cars24 Owned Stock,₹10.90 lakh,"GVK One Mall, Banjara Hills, Hyderabad, Telangana","17,913 km",Petrol,Manual,TG-07,[]
https://www.cars24.com/buy-used-hyundai-elite-i20-2019-cars-hyderabad-10449173196/,2019 Hyundai Elite i20,Cars24 Owned Stock,₹5.73 lakh,"Kompally, Hyderabad","68,394 km",Petrol,Manual,TS-13,[]
https://www.cars24.com/buy-used-mg-astor-2024-cars-hyderabad-10495677111/,2024 MG ASTOR,Cars24 Owned Stock,₹10.66 lakh,"Bachupally, Hyderabad","13,068 km",Petrol,Manual,TG-10,[]
https://www.cars24.com/buy-used-renault-kwid-2017-cars-hyderabad-10299777199/,2017 Renault Kwid,Cars24 Owned Stock,₹2.41 lakh,"Kompally, Hyderabad","77,061 km",Petrol,Manual,AP-27,[]
https://www.cars24.com/buy-used-skoda-slavia-2023-cars-hyderabad-10499877116/,2023 Skoda SLAVIA,Cars24 Owned Stock,₹10.96 lakh,"Bachupally, Hyderabad","31,630 km",Petrol,Manual,TG-08,[]
https://www.cars24.com/buy-used-mahindra-xuv700-2021-cars-hyderabad-10425572180/,2021 Mahindra XUV700,Cars24 Owned Stock,₹16.10 lakh,"Kompally, Hyderabad","67,291 km",Petrol,,TS-10,['Auto']
https://www.cars24.com/buy-used-nissan-magnite-2024-cars-hyderabad-10402879112/,2024 Nissan MAGNITE,Cars24 Owned Stock,₹7.28 lakh,"Kompally, Hyderabad","23,085 km",Petrol,Manual,TG-08,[]
https://www.cars24.com/buy-used-datsun-redi-go-2018-cars-hyderabad-10442997148/,2018 Datsun Redi Go,Cars24 Owned Stock,₹1.76 lakh,"Kompally, Hyderabad","22,314 km",Petrol,Manual,TS-12,[]
https://www.cars24.com/buy-used-volkswagen-taigun-2024-cars-hyderabad-10456177195/,2024 Volkswagen TAIGUN,Cars24 Owned Stock,₹8.87 lakh,"GVK One Mall, Banjara Hills, Hyderabad, Telangana","14,924 km",Petrol,Manual,TG-07,[]
https://www.cars24.com/buy-used-toyota-urban-cruiser-hyryder-2022-cars-hyderabad-10447179181/,2022 Toyota URBAN CRUISER HYRYDER,Cars24 Owned Stock,₹14.31 lakh,"Kompally, Hyderabad","53,915 km",Hybrid,,TS-07,['Auto']
https://www.cars24.com/buy-used-hyundai-elite-i20-2020-cars-hyderabad-10447974117/,2020 Hyundai Elite i20,Cars24 Owned Stock,₹6.09 lakh,"Kompally, Hyderabad","47,663 km",Petrol,Manual,TS-09,[]
https://www.cars24.com/buy-used-maruti-swift-2022-cars-hyderabad-10457078175/,2022 Maruti Swift,Cars24 Owned Stock,₹5.65 lakh,"Kompally, Hyderabad","46,664 km",Petrol,,TS-08,['Auto']
https://www.cars24.com/buy-used-tata-nexon-2021-cars-hyderabad-10488170170/,2021 Tata NEXON,Cars24 Owned Stock,₹8.42 lakh,"GVK One Mall, Banjara Hills, Hyderabad, Telangana","47,603 km",Petrol,,TS-34,['Auto']
https://www.cars24.com/buy-used-maruti-baleno-2023-cars-hyderabad-10426570196/,2023 Maruti Baleno,Cars24 Owned Stock,₹6.85 lakh,"Bachupally, Hyderabad","77,717 km",Petrol,,TS-07,['Auto']
https://www.cars24.com/buy-used-tata-nexon-2019-cars-hyderabad-10440972196/,2019 Tata NEXON,Cars24 Owned Stock,₹6.17 lakh,"Kompally, Hyderabad","89,098 km",Petrol,Manual,TS-08,[]
https://www.cars24.com/buy-used-maruti-swift-2020-cars-hyderabad-10428979118/,2020 Maruti Swift,Cars24 Owned Stock,₹5.59 lakh,"Kompally, Hyderabad","44,694 km",Petrol,,TS-08,['Auto']
https://www.cars24.com/buy-used-renault-kwid-2021-cars-hyderabad-10474570151/,2021 Renault Kwid,Cars24 Owned Stock,₹3.57 lakh,"Upperpally, Attapur, Hyderabad","43,340 km",Petrol,Manual,TS-09,[]
https://www.cars24.com/buy-used-ford-ecosport-2016-cars-hyderabad-10410375172/,2016 Ford Ecosport,Cars24 Owned Stock,₹4.95 lakh,"Kompally, Hyderabad","83,535 km",Petrol,,TS-11,['Auto']
https://www.cars24.com/buy-used-maruti-dzire-2022-cars-hyderabad-10416190167/,2022 Maruti Dzire,Cars24 Owned Stock,₹6.35 lakh,"Upperpally, Attapur, Hyderabad","61,280 km",Petrol,,TS-15,['Auto']
https://www.cars24.com/buy-used-hyundai-grand-i10-2017-cars-hyderabad-10451470197/,2017 Hyundai Grand i10,Cars24 Owned Stock,₹3.41 lakh,"Bachupally, Hyderabad","69,386 km",Petrol,Manual,TS-05,[]
https://www.cars24.com/buy-used-hyundai-grand-i10-2019-cars-hyderabad-10401570110/,2019 Hyundai Grand i10,Cars24 Owned Stock,₹3.92 lakh,"Kompally, Hyderabad","88,002 km",Petrol,Manual,TS-17,[]
https://www.cars24.com/buy-used-honda-amaze-2020-cars-hyderabad-10400964763/,2020 Honda Amaze,Cars24 Owned Stock,₹5.17 lakh,"Uppal, Hyderabad","1,32,237 km",Diesel,,TS-15,['Auto']
https://www.cars24.com/buy-used-kia-seltos-2020-cars-hyderabad-10452972110/,2020 KIA SELTOS,Cars24 Owned Stock,₹10.70 lakh,"Upperpally, Attapur, Hyderabad","69,241 km",Petrol,Manual,AP-39,[]
https://www.cars24.com/buy-used-mg-astor-2024-cars-hyderabad-10480698148/,2024 MG ASTOR,Cars24 Owned Stock,₹10.40 lakh,"Bachupally, Hyderabad","19,571 km",Petrol,Manual,TG-08,[]
https://www.cars24.com/buy-used-honda-amaze-2015-cars-hyderabad-10028693154/,2015 Honda Amaze,Cars24 Owned Stock,₹3.61 lakh,"Kompally, Hyderabad","82,204 km",Petrol,Manual,TS-07,[]
https://www.cars24.com/buy-used-hyundai-creta-2022-cars-hyderabad-10492170197/,2022 Hyundai Creta,Cars24 Owned Stock,₹13.58 lakh,"Uppal, Hyderabad","1,07,294 km",Diesel,,TS-07,['Auto']
https://www.cars24.com/buy-used-mahindra-xuv700-2023-cars-hyderabad-10406790106/,2023 Mahindra XUV700,Cars24 Owned Stock,₹14.49 lakh,"Kompally, Hyderabad","44,100 km",Diesel,,TS-09,['Auto']
https://www.cars24.com/buy-used-mahindra-xuv700-2023-cars-hyderabad-10484998103/,2023 Mahindra XUV700,Cars24 Owned Stock,₹19.59 lakh,"Upperpally, Attapur, Hyderabad","13,349 km",Petrol,,TS-09,['Auto']
https://www.cars24.com/buy-used-nissan-magnite-2021-cars-hyderabad-10409170156/,2021 Nissan MAGNITE,Cars24 Owned Stock,₹4.74 lakh,"Bachupally, Hyderabad","54,159 km",Petrol,Manual,TS-16,[]
https://www.cars24.com/buy-used-datsun-redi-go-2016-cars-hyderabad-10480472178/,2016 Datsun Redi Go,Cars24 Owned Stock,₹1.81 lakh,"Kompally, Hyderabad","62,702 km",Petrol,Manual,TS-07,[]
https://www.cars24.com/buy-used-chevrolet-sail-uva-2013-cars-hyderabad-10443998113/,2013 Chevrolet Sail UVA,Cars24 Owned Stock,₹2.34 lakh,"Bachupally, Hyderabad","52,781 km",Petrol,Manual,AP-28,[]
https://www.cars24.com/buy-used-volkswagen-taigun-2022-cars-hyderabad-10423392103/,2022 Volkswagen TAIGUN,Cars24 Owned Stock,₹9.48 lakh,"Upperpally, Attapur, Hyderabad","1,32,188 km",Petrol,,TS-03,['Auto']
https://www.cars24.com/buy-used-toyota-urban-cruiser-hyryder-2022-cars-hyderabad-10499495189/,2022 Toyota URBAN CRUISER HYRYDER,Cars24 Owned Stock,₹13.68 lakh,"Uppal, Hyderabad","1,08,490 km",Hybrid,,TS-07,['Auto']
https://www.cars24.com/buy-used-hyundai-elite-i20-2020-cars-hyderabad-10423675192/,2020 Hyundai Elite i20,Cars24 Owned Stock,₹6.03 lakh,"Kompally, Hyderabad","42,242 km",Petrol,Manual,TS-07,[]
https://www.cars24.com/buy-used-maruti-baleno-2018-cars-hyderabad-10418468728/,2018 Maruti Baleno,Cars24 Owned Stock,₹5.18 lakh,"Upperpally, Attapur, Hyderabad","65,673 km",Petrol,,TS-08,['Auto']
https://www.cars24.com/buy-used-tata-nexon-2022-cars-hyderabad-10428277173/,2022 Tata NEXON,Cars24 Owned Stock,₹7.76 lakh,"Bachupally, Hyderabad","56,535 km",Petrol,Manual,TS-04,[]
https://www.cars24.com/buy-used-maruti-swift-2018-cars-hyderabad-10432478171/,2018 Maruti Swift,Cars24 Owned Stock,₹4.88 lakh,"Bachupally, Hyderabad","1,18,478 km",Petrol,,TS-07,['Auto']
https://www.cars24.com/buy-used-tata-nexon-2022-cars-hyderabad-10499773113/,2022 Tata NEXON,Cars24 Owned Stock,₹7.05 lakh,"GVK One Mall, Banjara Hills, Hyderabad, Telangana","80,184 km",Petrol,Manual,TS-10,[]
https://www.cars24.com/buy-used-maruti-swift-2013-cars-hyderabad-10464567704/,2013 Maruti Swift,Cars24 Owned Stock,₹2.80 lakh,"Kompally, Hyderabad","1,49,914 km",Diesel,Manual,AP-28,[]
https://www.cars24.com/buy-used-maruti-dzire-2017-cars-hyderabad-10451495130/,2017 Maruti Dzire,Cars24 Owned Stock,₹5.06 lakh,"Kompally, Hyderabad","55,772 km",Petrol,,TS-08,['Auto']
https://www.cars24.com/buy-used-ford-ecosport-2019-cars-hyderabad-10435997135/,2019 Ford Ecosport,Cars24 Owned Stock,₹6.45 lakh,"Upperpally, Attapur, Hyderabad","56,202 km",Petrol,,TS-08,['Auto']
https://www.cars24.com/buy-used-hyundai-venue-2021-cars-hyderabad-10422072116/,2021 Hyundai VENUE,Cars24 Owned Stock,₹6.26 lakh,"Uppal, Hyderabad","1,32,630 km",Petrol,Manual,TS-15,[]
https://www.cars24.com/buy-used-maruti-celerio-2016-cars-hyderabad-10495962724/,2016 Maruti Celerio,Cars24 Owned Stock,₹2.58 lakh,"Bachupally, Hyderabad","1,37,731 km",Petrol,Manual,TS-07,[]
https://www.cars24.com/buy-used-hyundai-grand-i10-2014-cars-hyderabad-10475973154/,2014 Hyundai Grand i10,Cars24 Owned Stock,₹3.32 lakh,"Bachupally, Hyderabad","1,09,883 km",Petrol,Manual,TS-10,[]
https://www.cars24.com/buy-used-maruti-alto-800-2018-cars-hyderabad-10489492106/,2018 Maruti Alto 800,Cars24 Owned Stock,₹2.50 lakh,"Kompally, Hyderabad","64,166 km",Petrol,Manual,TS-08,[]
https://www.cars24.com/buy-used-hyundai-grand-i10-2013-cars-hyderabad-10403576177/,2013 Hyundai Grand i10,Cars24 Owned Stock,₹2.80 lakh,"Kompally, Hyderabad","94,072 km",Petrol,Manual,AP-10,[]
https://www.cars24.com/buy-used-honda-amaze-2018-cars-hyderabad-10468377183/,2018 Honda Amaze,Cars24 Owned Stock,₹5.06 lakh,"GVK One Mall, Banjara Hills, Hyderabad, Telangana","81,872 km",Diesel,,TS-10,['Auto']
https://www.cars24.com/buy-used-kia-seltos-2020-cars-hyderabad-10409973173/,2020 KIA SELTOS,Cars24 Owned Stock,₹8.73 lakh,"Uppal, Hyderabad","1,31,865 km",Petrol,,TS-07,['Auto']
https://www.cars24.com/buy-used-skoda-slavia-2022-cars-hyderabad-10482972117/,2022 Skoda SLAVIA,Cars24 Owned Stock,₹10.11 lakh,"Bachupally, Hyderabad","39,249 km",Petrol,Manual,TS-09,[]
https://www.cars24.com/buy-used-mahindra-xuv700-2022-cars-hyderabad-10475194168/,2022 Mahindra XUV700,Cars24 Owned Stock,₹16.40 lakh,"Bachupally, Hyderabad","1,01,994 km",Diesel,,TS-08,['Auto']
https://www.cars24.com/buy-used-toyota-yaris-2018-cars-hyderabad-10499373150/,2018 Toyota YARIS,Cars24 Owned Stock,₹6.71 lakh,"Kompally, Hyderabad","52,054 km",Petrol,Manual,TS-10,[]
https://www.cars24.com/buy-used-datsun-redi-go-2021-cars-hyderabad-10402596119/,2021 Datsun Redi Go,Cars24 Owned Stock,₹2.70 lakh,"Upperpally, Attapur, Hyderabad","60,963 km",Petrol,Manual,TS-12,[]
https://www.cars24.com/buy-used-volkswagen-taigun-2023-cars-hyderabad-10425176183/,2023 Volkswagen TAIGUN,Cars24 Owned Stock,₹11.29 lakh,"Upperpally, Attapur, Hyderabad","47,134 km",Petrol,,TS-15,['Auto']
https://www.cars24.com/buy-used-fiat-punto-evo-2014-cars-hyderabad-10450398103/,2014 Fiat Punto EVO,Cars24 Owned Stock,₹3.08 lakh,"Upperpally, Attapur, Hyderabad","51,700 km",CNG,Manual,TS-09,[]
https://www.cars24.com/buy-used-maruti-swift-2018-cars-hyderabad-10434361762/,2018 Maruti Swift,Cars24 Owned Stock,₹5.62 lakh,"GVK One Mall, Banjara Hills, Hyderabad, Telangana","87,301 km",Diesel,,TS-13,['Auto']
https://www.cars24.com/buy-used-hyundai-venue-2020-cars-hyderabad-10409576153/,2020 Hyundai VENUE,Cars24 Owned Stock,₹6.94 lakh,"Upperpally, Attapur, Hyderabad","79,417 km",Petrol,Manual,TS-08,[]
https://www.cars24.com/buy-used-maruti-baleno-2021-cars-hyderabad-10430496114/,2021 Maruti Baleno,Cars24 Owned Stock,₹5.68 lakh,"Kompally, Hyderabad","83,706 km",Petrol,Manual,TS-09,[]
https://www.cars24.com/buy-used-maruti-dzire-2022-cars-hyderabad-10401995192/,2022 Maruti Dzire,Cars24 Owned Stock,₹6.88 lakh,"Bachupally, Hyderabad","60,061 km",Petrol,,TS-08,['Auto']
https://www.cars24.com/buy-used-tata-nexon-2019-cars-hyderabad-10411669721/,2019 Tata NEXON,Cars24 Owned Stock,₹6.11 lakh,"Kompally, Hyderabad","57,814 km",Petrol,,TS-07,['Auto']
https://www.cars24.com/buy-used-renault-kwid-2016-cars-hyderabad-10416695181/,2016 Renault Kwid,Cars24 Owned Stock,₹2.10 lakh,"Kompally, Hyderabad","53,126 km",Petrol,Manual,TS-04,[]
https://www.cars24.com/buy-used-maruti-swift-dzire-2020-cars-hyderabad-10415493187/,2020 Maruti Swift Dzire,Cars24 Owned Stock,₹4.54 lakh,"Kompally, Hyderabad","1,40,900 km",Petrol,Manual,TS-03,[]
https://www.cars24.com/buy-used-ford-ecosport-2017-cars-hyderabad-10445697155/,2017 Ford Ecosport,Cars24 Owned Stock,₹4.97 lakh,"Bachupally, Hyderabad","55,593 km",Diesel,Manual,TS-12,[]
https://www.cars24.com/buy-used-hyundai-grand-i10-2017-cars-hyderabad-10433473176/,2017 Hyundai Grand i10,Cars24 Owned Stock,₹3.40 lakh,"Bachupally, Hyderabad","1,17,296 km",Petrol,Manual,TS-07,[]
https://www.cars24.com/buy-used-hyundai-grand-i10-2016-cars-hyderabad-10484270177/,2016 Hyundai Grand i10,Cars24 Owned Stock,₹3.61 lakh,"Upperpally, Attapur, Hyderabad","96,266 km",Petrol,,TS-08,['Auto']
https://www.cars24.com/buy-used-kia-seltos-2022-cars-hyderabad-10492374153/,2022 KIA SELTOS,Cars24 Owned Stock,₹11.00 lakh,"Bachupally, Hyderabad","55,028 km",Petrol,Manual,AP-39,[]
https://www.cars24.com/buy-used-skoda-slavia-2022-cars-hyderabad-10422077172/,2022 Skoda SLAVIA,Cars24 Owned Stock,₹9.61 lakh,"Kompally, Hyderabad","49,125 km",Petrol,Manual,TS-08,[]
https://www.cars24.com/buy-used-mahindra-xuv700-2022-cars-hyderabad-10465694160/,2022 Mahindra XUV700,Cars24 Owned Stock,₹18.80 lakh,"Kompally, Hyderabad","49,193 km",Diesel,,TS-09,['Auto']
https://www.cars24.com/buy-used-mahindra-xuv700-2022-cars-hyderabad-10439773197/,2022 Mahindra XUV700,Cars24 Owned Stock,₹17.65 lakh,"Kompally, Hyderabad","67,358 km",Diesel,,TS-09,['Auto']
https://www.cars24.com/buy-used-nissan-magnite-2021-cars-hyderabad-10402378192/,2021 Nissan MAGNITE,Cars24 Owned Stock,₹6.19 lakh,"Uppal, Hyderabad","32,506 km",Petrol,,TS-07,['Auto']
https://www.cars24.com/buy-used-fiat-urban-cross-2018-cars-hyderabad-10480793108/,2018 Fiat URBAN CROSS,Cars24 Owned Stock,₹5.08 lakh,"Bachupally, Hyderabad","72,523 km",Diesel,Manual,TS-07,[]
https://www.cars24.com/buy-used-toyota-yaris-2020-cars-hyderabad-10419395169/,2020 Toyota YARIS,Cars24 Owned Stock,₹6.47 lakh,"Bachupally, Hyderabad","85,496 km",Petrol,Manual,TS-10,[]
https://www.cars24.com/buy-used-datsun-redi-go-2016-cars-hyderabad-10483769738/,2016 Datsun Redi Go,Cars24 Owned Stock,₹1.60 lakh,"Kompally, Hyderabad","69,494 km",Petrol,Manual,TS-12,[]
https://www.cars24.com/buy-used-volkswagen-taigun-2021-cars-hyderabad-10429990163/,2021 Volkswagen TAIGUN,Cars24 Owned Stock,₹9.16 lakh,"Kompally, Hyderabad","74,853 km",Petrol,,TS-08,['Auto']
https://www.cars24.com/buy-used-maruti-vitara-brezza-2021-cars-hyderabad-10424575171/,2021 Maruti Vitara Brezza,Cars24 Owned Stock,₹7.62 lakh,"Upperpally, Attapur, Hyderabad","45,756 km",Petrol,Manual,TS-15,[]
https://www.cars24.com/buy-used-hyundai-elite-i20-2020-cars-hyderabad-10495395149/,2020 Hyundai Elite i20,Cars24 Owned Stock,₹5.04 lakh,"GVK One Mall, Banjara Hills, Hyderabad, Telangana","75,041 km",Petrol,Manual,TS-12,[]
https://www.cars24.com/buy-used-maruti-baleno-2018-cars-hyderabad-10438977175/,2018 Maruti Baleno,Cars24 Owned Stock,₹5.08 lakh,"Bachupally, Hyderabad","61,605 km",Petrol,,TS-07,['Auto']
https://www.cars24.com/buy-used-hyundai-verna-2017-cars-hyderabad-10479375116/,2017 Hyundai Verna,Cars24 Owned Stock,₹5.58 lakh,"Bachupally, Hyderabad","91,597 km",Petrol,,TS-09,['Auto']
https://www.cars24.com/buy-used-maruti-dzire-2018-cars-hyderabad-10498473113/,2018 Maruti Dzire,Cars24 Owned Stock,₹4.88 lakh,"Bachupally, Hyderabad","86,423 km",Petrol,Manual,TS-08,[]
https://www.cars24.com/buy-used-renault-kwid-2022-cars-hyderabad-10089865754/,2022 Renault Kwid,Cars24 Owned Stock,₹2.91 lakh,"Upperpally, Attapur, Hyderabad","97,706 km",Petrol,Manual,TS-24,[]
https://www.cars24.com/buy-used-renault-kwid-2020-cars-hyderabad-10475097122/,2020 Renault Kwid,Cars24 Owned Stock,₹2.96 lakh,"Kompally, Hyderabad","66,791 km",Petrol,Manual,TS-15,[]
https://www.cars24.com/buy-used-tata-nexon-2022-cars-hyderabad-10499377197/,2022 Tata NEXON,Cars24 Owned Stock,₹7.60 lakh,"Kompally, Hyderabad","98,852 km",Petrol,,TS-15,['Auto']
https://www.cars24.com/buy-used-hyundai-elite-i20-2019-cars-hyderabad-10407277176/,2019 Hyundai Elite i20,Cars24 Owned Stock,₹5.36 lakh,"Uppal, Hyderabad","84,524 km",Petrol,Manual,TS-07,[]
https://www.cars24.com/buy-used-ford-ecosport-2017-cars-hyderabad-10459272119/,2017 Ford Ecosport,Cars24 Owned Stock,₹5.56 lakh,"Upperpally, Attapur, Hyderabad","81,665 km",Diesel,Manual,TS-13,[]
https://www.cars24.com/buy-used-tata-nexon-2024-cars-hyderabad-10458671176/,2024 Tata NEXON,Cars24 Owned Stock,₹10.60 lakh,"Kompally, Hyderabad","22,879 km",Petrol,Manual,TG-08,[]
https://www.cars24.com/buy-used-maruti-dzire-2017-cars-hyderabad-10444099121/,2017 Maruti Dzire,Cars24 Owned Stock,₹5.06 lakh,"Kompally, Hyderabad","1,37,821 km",Diesel,,TS-09,['Auto']
https://www.cars24.com/buy-used-mahindra-xuv500-2019-cars-hyderabad-10440495108/,2019 Mahindra XUV500,Cars24 Owned Stock,₹7.42 lakh,"Kompally, Hyderabad","1,40,485 km",Diesel,Manual,TS-03,[]
https://www.cars24.com/buy-used-maruti-alto-800-2015-cars-hyderabad-10493879155/,2015 Maruti Alto 800,Cars24 Owned Stock,₹2.25 lakh,"GVK One Mall, Banjara Hills, Hyderabad, Telangana","36,054 km",Petrol,Manual,TS-07,[]
https://www.cars24.com/buy-used-honda-amaze-2014-cars-hyderabad-10415577117/,2014 Honda Amaze,Cars24 Owned Stock,₹3.13 lakh,"Uppal, Hyderabad","28,036 km",Petrol,Manual,TG-07,[]
https://www.cars24.com/buy-used-maruti-alto-800-2017-cars-hyderabad-10442064747/,2017 Maruti Alto 800,Cars24 Owned Stock,₹2.39 lakh,"Kompally, Hyderabad","54,679 km",Petrol,Manual,TS-09,[]
https://www.cars24.com/buy-used-hyundai-grand-i10-2013-cars-hyderabad-10464790153/,2013 Hyundai Grand i10,Cars24 Owned Stock,₹2.60 lakh,"Upperpally, Attapur, Hyderabad","1,10,846 km",Diesel,Manual,AP-09,[]
https://www.cars24.com/buy-used-kia-seltos-2021-cars-hyderabad-10426274192/,2021 KIA SELTOS,Cars24 Owned Stock,₹10.67 lakh,"Kompally, Hyderabad","1,23,234 km",Diesel,,TS-30,['Auto']
https://www.cars24.com/buy-used-mg-astor-2021-cars-hyderabad-10423170172/,2021 MG ASTOR,Cars24 Owned Stock,₹8.76 lakh,"Kompally, Hyderabad","46,220 km",Petrol,,TS-07,['Auto']
https://www.cars24.com/buy-used-mahindra-xuv500-2019-cars-hyderabad-10404964746/,2019 Mahindra XUV500,Cars24 Owned Stock,₹7.51 lakh,"Bachupally, Hyderabad","85,400 km",Diesel,Manual,TS-07,[]
https://www.cars24.com/buy-used-skoda-slavia-2022-cars-hyderabad-10485979113/,2022 Skoda SLAVIA,Cars24 Owned Stock,₹9.23 lakh,"Uppal, Hyderabad","46,095 km",Petrol,,TS-15,['Auto']
https://www.cars24.com/buy-used-nissan-magnite-2022-cars-hyderabad-10489698151/,2022 Nissan MAGNITE,Cars24 Owned Stock,₹7.39 lakh,"Kompally, Hyderabad","19,740 km",Petrol,,TS-29,['Auto']
https://www.cars24.com/buy-used-toyota-yaris-2018-cars-hyderabad-10427399135/,2018 Toyota YARIS,Cars24 Owned Stock,₹5.52 lakh,"Kompally, Hyderabad","74,307 km",Petrol,,TS-11,['Auto']
https://www.cars24.com/buy-used-datsun-redi-go-2018-cars-hyderabad-10413493147/,2018 Datsun Redi Go,Cars24 Owned Stock,₹2.13 lakh,"Kompally, Hyderabad","53,830 km",Petrol,Manual,TS-09,[]
https://www.cars24.com/buy-used-volkswagen-taigun-2025-cars-hyderabad-10437293109/,2025 Volkswagen TAIGUN,Cars24 Owned Stock,₹13.14 lakh,"Bachupally, Hyderabad","42,439 km",Petrol,Manual,TG-07,[]
https://www.cars24.com/buy-used-jeep-compass-2021-cars-hyderabad-10427479154/,2021 Jeep Compass,Cars24 Owned Stock,₹14.33 lakh,"Kompally, Hyderabad","1,18,286 km",Diesel,,AP-39,['Auto']
https://www.cars24.com/buy-used-maruti-vitara-brezza-2020-cars-hyderabad-10475173114/,2020 Maruti Vitara Brezza,Cars24 Owned Stock,₹7.00 lakh,"Bachupally, Hyderabad","1,31,317 km",Petrol,,TS-07,['Auto']
https://www.cars24.com/buy-used-hyundai-elite-i20-2019-cars-hyderabad-10466678191/,2019 Hyundai Elite i20,Cars24 Owned Stock,₹6.13 lakh,"Kompally, Hyderabad","49,800 km",Petrol,,TS-12,['Auto']
https://www.cars24.com/buy-used-maruti-baleno-2019-cars-hyderabad-10429175177/,2019 Maruti Baleno,Cars24 Owned Stock,₹5.85 lakh,"Bachupally, Hyderabad","83,317 km",Petrol,,TS-03,['Auto']
https://www.cars24.com/buy-used-hyundai-venue-2021-cars-hyderabad-10416977193/,2021 Hyundai VENUE,Cars24 Owned Stock,₹6.06 lakh,"Kompally, Hyderabad","1,21,564 km",Petrol,Manual,TS-08,[]
https://www.cars24.com/buy-used-renault-kwid-2019-cars-hyderabad-10497476115/,2019 Renault Kwid,Cars24 Owned Stock,₹2.88 lakh,"GVK One Mall, Banjara Hills, Hyderabad, Telangana","48,297 km",Petrol,Manual,TS-07,[]
https://www.cars24.com/buy-used-hyundai-verna-2014-cars-hyderabad-10496977171/,2014 Hyundai Verna,Cars24 Owned Stock,₹3.83 lakh,"Kompally, Hyderabad","1,28,426 km",Diesel,,TS-09,['Auto']
https://www.cars24.com/buy-used-ford-ecosport-2017-cars-hyderabad-10492891110/,2017 Ford Ecosport,Cars24 Owned Stock,₹4.96 lakh,"Kompally, Hyderabad","90,824 km",Diesel,Manual,TS-07,[]
https://www.cars24.com/buy-used-tata-nexon-2023-cars-hyderabad-10424779112/,2023 Tata NEXON,Cars24 Owned Stock,₹9.02 lakh,"GVK One Mall, Banjara Hills, Hyderabad, Telangana","48,655 km",Petrol,Manual,TS-08,[]
https://www.cars24.com/buy-used-hyundai-elite-i20-2015-cars-hyderabad-10463878153/,2015 Hyundai Elite i20,Cars24 Owned Stock,₹4.23 lakh,"Bachupally, Hyderabad","64,901 km",Petrol,Manual,TS-09,[]
https://www.cars24.com/buy-used-mahindra-xuv300-2022-cars-hyderabad-10059078154/,2022 Mahindra XUV300,Cars24 Owned Stock,₹7.47 lakh,"Uppal, Hyderabad","63,385 km",Petrol,,TS-09,['Auto']
https://www.cars24.com/buy-used-tata-nexon-2023-cars-hyderabad-10462298106/,2023 Tata NEXON,Cars24 Owned Stock,₹8.76 lakh,"Bachupally, Hyderabad","40,370 km",Petrol,Manual,TS-07,[]
https://www.cars24.com/buy-used-ford-ecosport-2020-cars-hyderabad-10440790138/,2020 Ford Ecosport,Cars24 Owned Stock,₹6.39 lakh,"Bachupally, Hyderabad","1,13,115 km",Diesel,Manual,TS-15,[]
https://www.cars24.com/buy-used-honda-amaze-2016-cars-hyderabad-10418571150/,2016 Honda Amaze,Cars24 Owned Stock,₹3.75 lakh,"Bachupally, Hyderabad","1,26,000 km",Petrol,Manual,TS-07,[]
https://www.cars24.com/buy-used-maruti-ciaz-2021-cars-hyderabad-10435677194/,2021 Maruti Ciaz,Cars24 Owned Stock,₹6.50 lakh,"Bachupally, Hyderabad","63,102 km",Petrol,Manual,TS-07,[]
https://www.cars24.com/buy-used-kia-seltos-2020-cars-hyderabad-10438573174/,2020 KIA SELTOS,Cars24 Owned Stock,₹10.46 lakh,"GVK One Mall, Banjara Hills, Hyderabad, Telangana","30,541 km",Petrol,,TS-09,['Auto']
https://www.cars24.com/buy-used-maruti-alto-800-2015-cars-hyderabad-10428564709/,2015 Maruti Alto 800,Cars24 Owned Stock,₹1.86 lakh,"Kompally, Hyderabad","62,126 km",Petrol,Manual,TS-15,[]
https://www.cars24.com/buy-used-mg-astor-2023-cars-hyderabad-10480870110/,2023 MG ASTOR,Cars24 Owned Stock,₹11.47 lakh,"Kompally, Hyderabad","75,512 km",Petrol,,AP-39,['Auto']
https://www.cars24.com/buy-used-mahindra-xuv500-2014-cars-hyderabad-10438365767/,2014 Mahindra XUV500,Cars24 Owned Stock,₹4.88 lakh,"Bachupally, Hyderabad","97,259 km",Diesel,Manual,TS-08,[]
https://www.cars24.com/buy-used-skoda-slavia-2022-cars-hyderabad-10427295141/,2022 Skoda SLAVIA,Cars24 Owned Stock,₹9.69 lakh,"GVK One Mall, Banjara Hills, Hyderabad, Telangana","53,401 km",Petrol,,TS-07,['Auto']
https://www.cars24.com/buy-used-mahindra-xuv500-2013-cars-hyderabad-10488562788/,2013 Mahindra XUV500,Cars24 Owned Stock,₹4.25 lakh,"Kompally, Hyderabad","97,265 km",Diesel,Manual,AP-12,[]
https://www.cars24.com/buy-used-nissan-magnite-2024-cars-hyderabad-10422778172/,2024 Nissan MAGNITE,Cars24 Owned Stock,₹6.45 lakh,"Kompally, Hyderabad","52,331 km",Petrol,,TG-09,['Auto']
https://www.cars24.com/buy-used-datsun-go-2019-cars-hyderabad-10450094101/,2019 Datsun Go,Cars24 Owned Stock,₹3.28 lakh,"Upperpally, Attapur, Hyderabad","39,817 km",Petrol,Manual,TS-08,[]
https://www.cars24.com/buy-used-hyundai-verna-2013-cars-hyderabad-10478492182/,2013 Hyundai Verna,Cars24 Owned Stock,₹3.59 lakh,"Kompally, Hyderabad","78,674 km",Diesel,Manual,AP-12,[]
https://www.cars24.com/buy-used-volkswagen-virtus-2022-cars-hyderabad-10474177191/,2022 Volkswagen VIRTUS,Cars24 Owned Stock,₹9.41 lakh,"Kompally, Hyderabad","70,156 km",Petrol,Manual,TS-18,[]
https://www.cars24.com/buy-used-hyundai-elite-i20-2014-cars-hyderabad-10430072175/,2014 Hyundai Elite i20,Cars24 Owned Stock,₹3.83 lakh,"Uppal, Hyderabad","39,928 km",Petrol,Manual,TS-12,[]
https://www.cars24.com/buy-used-maruti-vitara-brezza-2020-cars-hyderabad-10487197141/,2020 Maruti Vitara Brezza,Cars24 Owned Stock,₹5.78 lakh,"Upperpally, Attapur, Hyderabad","1,02,160 km",Petrol,Manual,TS-13,[]
https://www.cars24.com/buy-used-maruti-eeco-2023-cars-hyderabad-10444897160/,2023 Maruti Eeco,Cars24 Owned Stock,₹4.78 lakh,"Kompally, Hyderabad","39,910 km",Petrol,Manual,TS-15,[]
https://www.cars24.com/buy-used-hyundai-new-i20-2023-cars-hyderabad-10473460754/,2023 Hyundai NEW I20,Cars24 Owned Stock,₹6.74 lakh,"Upperpally, Attapur, Hyderabad","26,355 km",Petrol,Manual,TS-08,[]
https://www.cars24.com/buy-used-renault-kwid-2020-cars-hyderabad-10452471177/,2020 Renault Kwid,Cars24 Owned Stock,₹2.88 lakh,"GVK One Mall, Banjara Hills, Hyderabad, Telangana","70,861 km",Petrol,Manual,TS-29,[]
https://www.cars24.com/buy-used-tata-nexon-2024-cars-hyderabad-10422772151/,2024 Tata NEXON,Cars24 Owned Stock,₹8.44 lakh,"Kompally, Hyderabad","71,822 km",Diesel,Manual,TG-32,[]
https://www.cars24.com/buy-used-maruti-celerio-2020-cars-hyderabad-10493379152/,2020 Maruti Celerio,Cars24 Owned Stock,₹4.11 lakh,"Bachupally, Hyderabad","68,513 km",Petrol,,TS-10,['Auto']
https://www.cars24.com/buy-used-tata-nexon-2025-cars-hyderabad-10442099144/,2025 Tata NEXON,Cars24 Owned Stock,₹10.86 lakh,"Kompally, Hyderabad","6,035 km",Petrol,,TG-08,['Auto']
https://www.cars24.com/buy-used-ford-ecosport-2014-cars-hyderabad-10485778156/,2014 Ford Ecosport,Cars24 Owned Stock,₹4.22 lakh,"Kompally, Hyderabad","70,995 km",Petrol,,AP-28,['Auto']
https://www.cars24.com/buy-used-honda-amaze-2014-cars-hyderabad-10488379117/,2014 Honda Amaze,Cars24 Owned Stock,₹2.86 lakh,"Upperpally, Attapur, Hyderabad","86,501 km",Petrol,Manual,AP-10,[]
https://www.cars24.com/buy-used-maruti-alto-k10-2015-cars-hyderabad-10445090140/,2015 Maruti Alto K10,Cars24 Owned Stock,₹2.23 lakh,"Upperpally, Attapur, Hyderabad","1,26,301 km",Petrol,Manual,TG-08,[]
https://www.cars24.com/buy-used-kia-seltos-2023-cars-hyderabad-10483395162/,2023 KIA SELTOS,Cars24 Owned Stock,₹10.11 lakh,"Uppal, Hyderabad","43,680 km",Diesel,Manual,TS-09,[]
https://www.cars24.com/buy-used-mg-astor-2023-cars-hyderabad-10452279159/,2023 MG ASTOR,Cars24 Owned Stock,₹11.24 lakh,"Bachupally, Hyderabad","47,389 km",Petrol,,TS-13,['Auto']
https://www.cars24.com/buy-used-mahindra-xuv500-2021-cars-hyderabad-10441378195/,2021 Mahindra XUV500,Cars24 Owned Stock,₹11.03 lakh,"Kompally, Hyderabad","66,102 km",Diesel,,TS-11,['Auto']
https://www.cars24.com/buy-used-mahindra-xuv500-2019-cars-hyderabad-10492074175/,2019 Mahindra XUV500,Cars24 Owned Stock,₹10.23 lakh,"Kompally, Hyderabad","61,659 km",Diesel,,TS-07,['Auto']
https://www.cars24.com/buy-used-nissan-magnite-2023-cars-hyderabad-10478779118/,2023 Nissan MAGNITE,Cars24 Owned Stock,₹4.35 lakh,"Uppal, Hyderabad","92,046 km",Petrol,Manual,TS-35,[]
https://www.cars24.com/buy-used-renault-duster-2017-cars-hyderabad-10402273197/,2017 Renault Duster,Cars24 Owned Stock,₹4.39 lakh,"Kompally, Hyderabad","1,10,203 km",Diesel,Manual,TS-08,[]
https://www.cars24.com/buy-used-datsun-go-2014-cars-hyderabad-10402778196/,2014 Datsun Go,Cars24 Owned Stock,₹1.55 lakh,"Uppal, Hyderabad","1,12,672 km",Petrol,Manual,TS-08,[]
https://www.cars24.com/buy-used-volkswagen-virtus-2022-cars-hyderabad-10491999132/,2022 Volkswagen VIRTUS,Cars24 Owned Stock,₹9.83 lakh,"Kompally, Hyderabad","1,06,421 km",Petrol,,TG-02,['Auto']
https://www.cars24.com/buy-used-maruti-vitara-brezza-2022-cars-hyderabad-10497297168/,2022 Maruti Vitara Brezza,Cars24 Owned Stock,₹8.36 lakh,"Kompally, Hyderabad","29,804 km",Petrol,,TS-09,['Auto']
https://www.cars24.com/buy-used-hyundai-new-i20-2020-cars-hyderabad-10488574154/,2020 Hyundai NEW I20,Cars24 Owned Stock,₹7.09 lakh,"Kompally, Hyderabad","74,321 km",Diesel,Manual,AP-39,[]
https://www.cars24.com/buy-used-maruti-eeco-2023-cars-hyderabad-10431776173/,2023 Maruti Eeco,Cars24 Owned Stock,₹4.60 lakh,"Bachupally, Hyderabad","83,260 km",Petrol,Manual,TS-10,[]
https://www.cars24.com/buy-used-hyundai-elite-i20-2016-cars-hyderabad-10444275198/,2016 Hyundai Elite i20,Cars24 Owned Stock,₹3.66 lakh,"Kompally, Hyderabad","1,49,207 km",Petrol,Manual,TS-08,[]
https://www.cars24.com/buy-used-renault-kwid-2016-cars-hyderabad-10458777152/,2016 Renault Kwid,Cars24 Owned Stock,₹2.25 lakh,"Kompally, Hyderabad","33,866 km",Petrol,Manual,TS-07,[]
https://www.cars24.com/buy-used-hyundai-elite-i20-2015-cars-hyderabad-10446371179/,2015 Hyundai Elite i20,Cars24 Owned Stock,₹4.12 lakh,"Kompally, Hyderabad","86,486 km",Diesel,Manual,TS-09,[]
https://www.cars24.com/buy-used-tata-nexon-2024-cars-hyderabad-10442578191/,2024 Tata NEXON,Cars24 Owned Stock,₹10.10 lakh,"GVK One Mall, Banjara Hills, Hyderabad, Telangana","33,361 km",Petrol,,TG-07,['Auto']
https://www.cars24.com/buy-used-maruti-alto-k10-2017-cars-hyderabad-10476295132/,2017 Maruti Alto K10,Cars24 Owned Stock,₹2.70 lakh,"Bachupally, Hyderabad","58,199 km",Petrol,Manual,TS-07,[]
https://www.cars24.com/buy-used-mahindra-thar-2022-cars-hyderabad-10423571197/,2022 Mahindra Thar,Cars24 Owned Stock,₹10.17 lakh,"Kompally, Hyderabad","71,090 km",Petrol,Manual,TS-08,[]
https://www.cars24.com/buy-used-ford-ecosport-2017-cars-hyderabad-10428098126/,2017 Ford Ecosport,Cars24 Owned Stock,₹4.00 lakh,"Kompally, Hyderabad","82,232 km",Petrol,Manual,TS-08,[]
https://www.cars24.com/buy-used-kia-seltos-2022-cars-hyderabad-10421869741/,2022 KIA SELTOS,Cars24 Owned Stock,₹11.17 lakh,"Upperpally, Attapur, Hyderabad","52,485 km",Petrol,Manual,TS-02,[]
https://www.cars24.com/buy-used-honda-amaze-2014-cars-hyderabad-10461374175/,2014 Honda Amaze,Cars24 Owned Stock,₹3.24 lakh,"Kompally, Hyderabad","59,667 km",Petrol,,TS-08,['Auto']
https://www.cars24.com/buy-used-hyundai-verna-2023-cars-hyderabad-10461699140/,2023 Hyundai Verna,Cars24 Owned Stock,₹9.55 lakh,"Kompally, Hyderabad","1,15,800 km",Petrol,,TS-05,['Auto']
https://www.cars24.com/buy-used-mg-astor-2022-cars-hyderabad-10420473199/,2022 MG ASTOR,Cars24 Owned Stock,₹10.11 lakh,"Uppal, Hyderabad","33,198 km",Petrol,,TS-08,['Auto']
https://www.cars24.com/buy-used-skoda-slavia-2022-cars-hyderabad-10427696108/,2022 Skoda SLAVIA,Cars24 Owned Stock,₹10.82 lakh,"Bachupally, Hyderabad","66,460 km",Petrol,,TS-09,['Auto']
https://www.cars24.com/buy-used-nissan-magnite-2022-cars-hyderabad-10459470175/,2022 Nissan MAGNITE,Cars24 Owned Stock,₹6.01 lakh,"Kompally, Hyderabad","40,359 km",Petrol,,TS-08,['Auto']
https://www.cars24.com/buy-used-toyota-glanza-2019-cars-hyderabad-10467271111/,2019 Toyota Glanza,Cars24 Owned Stock,₹4.85 lakh,"Kompally, Hyderabad","85,211 km",Petrol,Manual,AP-39,[]
https://www.cars24.com/buy-used-datsun-go-plus-2018-cars-hyderabad-10479098168/,2018 Datsun Go Plus,Cars24 Owned Stock,₹3.15 lakh,"Kompally, Hyderabad","55,781 km",Petrol,Manual,TS-10,[]
https://www.cars24.com/buy-used-volkswagen-virtus-2024-cars-hyderabad-10466672151/,2024 Volkswagen VIRTUS,Cars24 Owned Stock,₹13.61 lakh,"Uppal, Hyderabad","35,803 km",Petrol,,TG-07,['Auto']
https://www.cars24.com/buy-used-tata-tiago-2021-cars-hyderabad-10406277117/,2021 Tata Tiago,Cars24 Owned Stock,₹5.20 lakh,"Upperpally, Attapur, Hyderabad","34,140 km",Petrol,Manual,TS-07,[]
https://www.cars24.com/buy-used-maruti-vitara-brezza-2022-cars-hyderabad-10476998167/,2022 Maruti Vitara Brezza,Cars24 Owned Stock,₹6.68 lakh,"GVK One Mall, Banjara Hills, Hyderabad, Telangana","78,816 km",Petrol,,TS-07,['Auto']
https://www.cars24.com/buy-used-hyundai-elite-i20-2018-cars-hyderabad-10409096137/,2018 Hyundai Elite i20,Cars24 Owned Stock,₹3.95 lakh,"Bachupally, Hyderabad","1,40,242 km",Petrol,Manual,TS-29,[]
https://www.cars24.com/buy-used-hyundai-venue-2021-cars-hyderabad-10422077117/,2021 Hyundai VENUE,Cars24 Owned Stock,₹7.65 lakh,"Kompally, Hyderabad","80,529 km",Petrol,,TS-08,['Auto']
https://www.cars24.com/buy-used-renault-kwid-2018-cars-hyderabad-10187398101/,2018 Renault Kwid,Cars24 Owned Stock,₹2.99 lakh,"Kompally, Hyderabad","61,808 km",Petrol,,TS-08,['Auto']
https://www.cars24.com/buy-used-renault-kwid-2018-cars-hyderabad-10495893123/,2018 Renault Kwid,Cars24 Owned Stock,₹2.68 lakh,"Upperpally, Attapur, Hyderabad","38,571 km",Petrol,Manual,TS-12,[]
https://www.cars24.com/buy-used-tata-nexon-2024-cars-hyderabad-18682195130/,2024 Tata NEXON,Cars24 Owned Stock,₹8.51 lakh,"Kompally, Hyderabad","36,896 km",Petrol,,TG-08,['Auto']
https://www.cars24.com/buy-used-maruti-s-presso-2022-cars-hyderabad-10476297101/,2022 Maruti S PRESSO,Cars24 Owned Stock,₹3.64 lakh,"Upperpally, Attapur, Hyderabad","55,866 km",Petrol,Manual,TS-12,[]
https://www.cars24.com/buy-used-maruti-ciaz-2022-cars-hyderabad-10474894161/,2022 Maruti Ciaz,Cars24 Owned Stock,₹6.89 lakh,"Bachupally, Hyderabad","96,490 km",Petrol,Manual,TS-08,[]
https://www.cars24.com/buy-used-mahindra-thar-2021-cars-hyderabad-10488170179/,2021 Mahindra Thar,Cars24 Owned Stock,₹9.58 lakh,"Kompally, Hyderabad","53,764 km",Petrol,Manual,TS-01,[]
https://www.cars24.com/buy-used-mg-hector-2020-cars-hyderabad-10483797113/,2020 MG HECTOR,Cars24 Owned Stock,₹8.40 lakh,"Upperpally, Attapur, Hyderabad","1,39,982 km",Petrol,,TS-08,['Auto']
https://www.cars24.com/buy-used-maruti-alto-k10-2016-cars-hyderabad-10473697101/,2016 Maruti Alto K10,Cars24 Owned Stock,₹2.42 lakh,"Uppal, Hyderabad","64,235 km",Petrol,Manual,TS-07,[]
https://www.cars24.com/buy-used-hyundai-i20-2013-cars-hyderabad-10494591101/,2013 Hyundai i20,Cars24 Owned Stock,₹2.61 lakh,"Kompally, Hyderabad","99,796 km",Diesel,Manual,AP-28,[]
https://www.cars24.com/buy-used-ford-new-figo-2019-cars-hyderabad-10420174116/,2019 Ford New Figo,Cars24 Owned Stock,₹4.08 lakh,"Upperpally, Attapur, Hyderabad","43,692 km",Petrol,Manual,TS-07,[]
https://www.cars24.com/buy-used-maruti-celerio-2016-cars-hyderabad-10497377156/,2016 Maruti Celerio,Cars24 Owned Stock,₹3.19 lakh,"Kompally, Hyderabad","60,427 km",Petrol,,TS-15,['Auto']
https://www.cars24.com/buy-used-maruti-celerio-2017-cars-hyderabad-10494291135/,2017 Maruti Celerio,Cars24 Owned Stock,₹3.13 lakh,"GVK One Mall, Banjara Hills, Hyderabad, Telangana","80,175 km",Petrol,,TS-08,['Auto']
https://www.cars24.com/buy-used-honda-amaze-2014-cars-hyderabad-10483972173/,2014 Honda Amaze,Cars24 Owned Stock,₹3.20 lakh,"Kompally, Hyderabad","86,996 km",Petrol,,TS-10,['Auto']
https://www.cars24.com/buy-used-skoda-slavia-2022-cars-hyderabad-10494579152/,2022 Skoda SLAVIA,Cars24 Owned Stock,₹9.30 lakh,"GVK One Mall, Banjara Hills, Hyderabad, Telangana","81,629 km",Petrol,,TS-07,['Auto']
https://www.cars24.com/buy-used-nissan-magnite-2021-cars-hyderabad-10446492155/,2021 Nissan MAGNITE,Cars24 Owned Stock,₹4.51 lakh,"Kompally, Hyderabad","95,385 km",Petrol,Manual,TS-15,[]
https://www.cars24.com/buy-used-toyota-glanza-2020-cars-hyderabad-10438691169/,2020 Toyota Glanza,Cars24 Owned Stock,₹5.69 lakh,"Kompally, Hyderabad","86,387 km",Petrol,,TS-15,['Auto']
https://www.cars24.com/buy-used-tata-tiago-nrg-2023-cars-hyderabad-39858998165/,2023 Tata TIAGO NRG,Cars24 Owned Stock,₹5.69 lakh,"Kompally, Hyderabad","48,571 km",Petrol,,TS-07,['Auto']
https://www.cars24.com/buy-used-datsun-go-plus-2015-cars-hyderabad-10479994188/,2015 Datsun Go Plus,Cars24 Owned Stock,₹2.36 lakh,"Upperpally, Attapur, Hyderabad","71,861 km",Petrol,Manual,TS-10,[]
https://www.cars24.com/buy-used-kia-sonet-2020-cars-hyderabad-10441270118/,2020 KIA SONET,Cars24 Owned Stock,₹6.47 lakh,"GVK One Mall, Banjara Hills, Hyderabad, Telangana","77,407 km",Petrol,Manual,TS-07,[]
https://www.cars24.com/buy-used-volkswagen-polo-2021-cars-hyderabad-10420798133/,2021 Volkswagen Polo,Cars24 Owned Stock,₹4.02 lakh,"Kompally, Hyderabad","1,44,851 km",Petrol,Manual,TS-08,[]
https://www.cars24.com/buy-used-honda-city-2019-cars-hyderabad-10448074172/,2019 Honda City,Cars24 Owned Stock,₹6.69 lakh,"Upperpally, Attapur, Hyderabad","71,815 km",Petrol,Manual,TS-09,[]
https://www.cars24.com/buy-used-tata-tiago-2023-cars-hyderabad-10450173194/,2023 Tata Tiago,Cars24 Owned Stock,₹5.35 lakh,"Kompally, Hyderabad","64,594 km",Petrol,,TS-10,['Auto']
https://www.cars24.com/buy-used-hyundai-grand-i10-nios-2024-cars-hyderabad-10408578180/,2024 Hyundai GRAND I10 NIOS,Cars24 Owned Stock,₹6.66 lakh,"Kompally, Hyderabad","46,702 km",Petrol,Manual,TG-04,[]
https://www.cars24.com/buy-used-skoda-kushaq-2021-cars-hyderabad-10421176175/,2021 Skoda KUSHAQ,Cars24 Owned Stock,₹7.89 lakh,"Bachupally, Hyderabad","1,02,904 km",Petrol,Manual,TS-07,[]
https://www.cars24.com/buy-used-maruti-swift-2017-cars-hyderabad-10287071177/,2017 Maruti Swift,Cars24 Owned Stock,₹3.91 lakh,"Upperpally, Attapur, Hyderabad","97,134 km",Petrol,Manual,TS-07,[]
https://www.cars24.com/buy-used-hyundai-venue-2021-cars-hyderabad-19245996107/,2021 Hyundai VENUE,Cars24 Owned Stock,₹8.04 lakh,"Uppal, Hyderabad","85,964 km",Diesel,Manual,TS-03,[]
https://www.cars24.com/buy-used-maruti-ciaz-2021-cars-hyderabad-10439474110/,2021 Maruti Ciaz,Cars24 Owned Stock,₹7.27 lakh,"Kompally, Hyderabad","42,209 km",Petrol,,TS-09,['Auto']
https://www.cars24.com/buy-used-mahindra-thar-2023-cars-hyderabad-10418779172/,2023 Mahindra Thar,Cars24 Owned Stock,₹10.65 lakh,"Bachupally, Hyderabad","32,575 km",Diesel,Manual,TG-21,[]
https://www.cars24.com/buy-used-maruti-ciaz-2016-cars-hyderabad-10426697187/,2016 Maruti Ciaz,Cars24 Owned Stock,₹5.09 lakh,"Uppal, Hyderabad","65,243 km",Petrol,,TS-09,['Auto']
https://www.cars24.com/buy-used-hyundai-xcent-2015-cars-hyderabad-10410097105/,2015 Hyundai Xcent,Cars24 Owned Stock,₹3.00 lakh,"Uppal, Hyderabad","1,01,875 km",Petrol,Manual,TS-09,[]
https://www.cars24.com/buy-used-maruti-wagon-r-1.0-2013-cars-hyderabad-10493998122/,2013 Maruti Wagon R 1.0,Cars24 Owned Stock,₹2.19 lakh,"Kompally, Hyderabad","56,923 km",Petrol,Manual,AP-28,[]
https://www.cars24.com/buy-used-hyundai-i20-2013-cars-hyderabad-10469174174/,2013 Hyundai i20,Cars24 Owned Stock,₹2.75 lakh,"Kompally, Hyderabad","1,46,594 km",Diesel,Manual,AP-28,[]
https://www.cars24.com/buy-used-maruti-s-presso-2019-cars-hyderabad-10418171196/,2019 Maruti S PRESSO,Cars24 Owned Stock,₹3.04 lakh,"Kompally, Hyderabad","47,434 km",Petrol,Manual,TS-07,[]
https://www.cars24.com/buy-used-ford-new-figo-2015-cars-hyderabad-10414971177/,2015 Ford New Figo,Cars24 Owned Stock,₹3.38 lakh,"Uppal, Hyderabad","1,31,899 km",Diesel,Manual,TS-07,[]
https://www.cars24.com/buy-used-maruti-alto-k10-2017-cars-hyderabad-10484376191/,2017 Maruti Alto K10,Cars24 Owned Stock,₹2.50 lakh,"Uppal, Hyderabad","22,958 km",Petrol,Manual,TS-07,[]
https://www.cars24.com/buy-used-maruti-alto-k10-2016-cars-hyderabad-10479878119/,2016 Maruti Alto K10,Cars24 Owned Stock,₹2.45 lakh,"Kompally, Hyderabad","81,582 km",Petrol,Manual,TS-07,[]
https://www.cars24.com/buy-used-mg-hector-2019-cars-hyderabad-10445377152/,2019 MG HECTOR,Cars24 Owned Stock,₹9.35 lakh,"Upperpally, Attapur, Hyderabad","1,29,377 km",Diesel,Manual,TS-19,[]
https://www.cars24.com/buy-used-nissan-magnite-2023-cars-hyderabad-10405398178/,2023 Nissan MAGNITE,Cars24 Owned Stock,₹7.00 lakh,"Bachupally, Hyderabad","19,301 km",Petrol,,TS-08,['Auto']
https://www.cars24.com/buy-used-tata-tiago-2025-cars-hyderabad-10426297162/,2025 Tata Tiago,Cars24 Owned Stock,₹5.97 lakh,"Upperpally, Attapur, Hyderabad","16,589 km",Petrol,,TG-07,['Auto']
https://www.cars24.com/buy-used-volkswagen-vento-2017-cars-hyderabad-10482371119/,2017 Volkswagen Vento,Cars24 Owned Stock,₹4.90 lakh,"Kompally, Hyderabad","1,04,089 km",Petrol,,TS-09,['Auto']
https://www.cars24.com/buy-used-tata-bolt-2016-cars-hyderabad-10483497163/,2016 Tata Bolt,Cars24 Owned Stock,₹2.95 lakh,"Kompally, Hyderabad","1,49,359 km",Diesel,Manual,TS-10,[]
https://www.cars24.com/buy-used-tata-tiago-2022-cars-hyderabad-10447479199/,2022 Tata Tiago,Cars24 Owned Stock,₹4.98 lakh,"Bachupally, Hyderabad","62,477 km",Petrol,,TS-08,['Auto']
https://www.cars24.com/buy-used-tata-tiago-2019-cars-hyderabad-10442270150/,2019 Tata Tiago,Cars24 Owned Stock,₹4.44 lakh,"Uppal, Hyderabad","85,297 km",Petrol,,TS-07,['Auto']
https://www.cars24.com/buy-used-mahindra-bolero-2023-cars-hyderabad-10464471193/,2023 Mahindra Bolero,Cars24 Owned Stock,₹7.35 lakh,"Upperpally, Attapur, Hyderabad","51,727 km",Diesel,Manual,TS-09,[]
https://www.cars24.com/buy-used-honda-city-2020-cars-hyderabad-10443674192/,2020 Honda City,Cars24 Owned Stock,₹8.13 lakh,"Kompally, Hyderabad","74,958 km",Petrol,Manual,TS-07,[]
https://www.cars24.com/buy-used-skoda-kushaq-2022-cars-hyderabad-10480890159/,2022 Skoda KUSHAQ,Cars24 Owned Stock,₹7.11 lakh,"Bachupally, Hyderabad","97,794 km",Petrol,Manual,TS-09,[]
https://www.cars24.com/buy-used-hyundai-verna-2018-cars-hyderabad-10243779192/,2018 Hyundai Verna,Cars24 Owned Stock,₹7.79 lakh,"Uppal, Hyderabad","79,881 km",Diesel,Manual,TS-07,[]
https://www.cars24.com/buy-used-maruti-wagon-r-1.0-2018-cars-hyderabad-10440876111/,2018 Maruti Wagon R 1.0,Cars24 Owned Stock,₹3.67 lakh,"Upperpally, Attapur, Hyderabad","67,406 km",Petrol,,TS-05,['Auto']
https://www.cars24.com/buy-used-mahindra-bolero-2014-cars-hyderabad-10498893160/,2014 Mahindra Bolero,Cars24 Owned Stock,₹4.32 lakh,"Upperpally, Attapur, Hyderabad","83,901 km",Diesel,Manual,TS-09,[]
https://www.cars24.com/buy-used-maruti-ciaz-2021-cars-hyderabad-10469576155/,2021 Maruti Ciaz,Cars24 Owned Stock,₹6.50 lakh,"Bachupally, Hyderabad","1,35,008 km",Petrol,,TS-08,['Auto']
https://www.cars24.com/buy-used-maruti-s-presso-2023-cars-hyderabad-10460299139/,2023 Maruti S PRESSO,Cars24 Owned Stock,₹3.45 lakh,"Bachupally, Hyderabad","42,112 km",Petrol,Manual,TS-15,[]
https://www.cars24.com/buy-used-hyundai-eon-2014-cars-hyderabad-10484174199/,2014 Hyundai Eon,Cars24 Owned Stock,₹2.19 lakh,"Uppal, Hyderabad","39,876 km",Petrol,Manual,AP-10,[]
https://www.cars24.com/buy-used-maruti-alto-k10-2014-cars-hyderabad-10492070153/,2014 Maruti Alto K10,Cars24 Owned Stock,₹2.63 lakh,"Kompally, Hyderabad","54,343 km",Petrol,Manual,TS-08,[]
https://www.cars24.com/buy-used-kia-seltos-2020-cars-hyderabad-10489972178/,2020 KIA SELTOS,Cars24 Owned Stock,₹9.80 lakh,"Bachupally, Hyderabad","93,363 km",Petrol,,TS-08,['Auto']
https://www.cars24.com/buy-used-maruti-alto-k10-2016-cars-hyderabad-10489196164/,2016 Maruti Alto K10,Cars24 Owned Stock,₹2.45 lakh,"Bachupally, Hyderabad","78,252 km",Petrol,,TS-08,['Auto']
https://www.cars24.com/buy-used-ford-new-figo-2018-cars-hyderabad-10452977158/,2018 Ford New Figo,Cars24 Owned Stock,₹4.11 lakh,"Kompally, Hyderabad","71,469 km",Diesel,Manual,TS-08,[]
https://www.cars24.com/buy-used-hyundai-eon-2018-cars-hyderabad-10423773173/,2018 Hyundai Eon,Cars24 Owned Stock,₹2.49 lakh,"Uppal, Hyderabad","1,02,544 km",Petrol,Manual,TS-08,[]
https://www.cars24.com/buy-used-mg-hector-2021-cars-hyderabad-10425179179/,2021 MG HECTOR,Cars24 Owned Stock,₹9.99 lakh,"Kompally, Hyderabad","1,44,620 km",Petrol,,TS-08,['Auto']
https://www.cars24.com/buy-used-hyundai-alcazar-2022-cars-hyderabad-10439395109/,2022 Hyundai ALCAZAR,Cars24 Owned Stock,₹13.54 lakh,"Bachupally, Hyderabad","28,636 km",Petrol,Manual,TS-08,[]
https://www.cars24.com/buy-used-nissan-magnite-2022-cars-hyderabad-10438090164/,2022 Nissan MAGNITE,Cars24 Owned Stock,₹5.60 lakh,"Kompally, Hyderabad","74,360 km",Petrol,,TS-08,['Auto']
https://www.cars24.com/buy-used-renault-triber-2019-cars-hyderabad-10498499100/,2019 Renault TRIBER,Cars24 Owned Stock,₹4.63 lakh,"Bachupally, Hyderabad","34,503 km",Petrol,Manual,TS-13,[]
https://www.cars24.com/buy-used-renault-triber-2023-cars-hyderabad-10484179154/,2023 Renault TRIBER,Cars24 Owned Stock,₹5.15 lakh,"Bachupally, Hyderabad","29,151 km",Petrol,Manual,TS-07,[]
https://www.cars24.com/buy-used-volkswagen-vento-2021-cars-hyderabad-10404476151/,2021 Volkswagen Vento,Cars24 Owned Stock,₹7.66 lakh,"Upperpally, Attapur, Hyderabad","1,13,511 km",Petrol,,TS-08,['Auto']
https://www.cars24.com/buy-used-maruti-alto-2021-cars-hyderabad-10473298148/,2021 Maruti Alto,Cars24 Owned Stock,₹2.88 lakh,"Kompally, Hyderabad","20,792 km",Petrol,Manual,TS-13,[]
https://www.cars24.com/buy-used-toyota-corolla-altis-2017-cars-hyderabad-10480499185/,2017 Toyota Corolla Altis,Cars24 Owned Stock,₹7.13 lakh,"Kompally, Hyderabad","1,41,572 km",Diesel,Manual,TS-11,[]
https://www.cars24.com/buy-used-tata-tiago-2019-cars-hyderabad-10452677157/,2019 Tata Tiago,Cars24 Owned Stock,₹3.99 lakh,"Upperpally, Attapur, Hyderabad","75,767 km",Petrol,Manual,TS-08,[]
https://www.cars24.com/buy-used-honda-city-2017-cars-hyderabad-10482672152/,2017 Honda City,Cars24 Owned Stock,₹5.16 lakh,"Kompally, Hyderabad","76,049 km",Petrol,Manual,TS-07,[]
https://www.cars24.com/buy-used-honda-city-2017-cars-hyderabad-10491078152/,2017 Honda City,Cars24 Owned Stock,₹6.47 lakh,"Uppal, Hyderabad","53,393 km",Petrol,,TS-08,['Auto']
https://www.cars24.com/buy-used-maruti-ignis-2020-cars-hyderabad-10488971158/,2020 Maruti IGNIS,Cars24 Owned Stock,₹5.31 lakh,"Kompally, Hyderabad","28,366 km",Petrol,Manual,TS-09,[]
https://www.cars24.com/buy-used-hyundai-new-santro-2021-cars-hyderabad-10419879114/,2021 Hyundai NEW SANTRO,Cars24 Owned Stock,₹4.51 lakh,"Bachupally, Hyderabad","28,675 km",Petrol,,TS-08,['Auto']
https://www.cars24.com/buy-used-maruti-ciaz-2018-cars-hyderabad-10426479177/,2018 Maruti Ciaz,Cars24 Owned Stock,₹5.93 lakh,"Bachupally, Hyderabad","97,230 km",Petrol,,TS-08,['Auto']
https://www.cars24.com/buy-used-mahindra-bolero-2016-cars-hyderabad-10414191116/,2016 Mahindra Bolero,Cars24 Owned Stock,₹4.12 lakh,"Kompally, Hyderabad","98,151 km",Diesel,Manual,TS-09,[]
https://www.cars24.com/buy-used-skoda-kushaq-2022-cars-hyderabad-10474076194/,2022 Skoda KUSHAQ,Cars24 Owned Stock,₹9.35 lakh,"GVK One Mall, Banjara Hills, Hyderabad, Telangana","49,576 km",Petrol,Manual,TS-07,[]
https://www.cars24.com/buy-used-hyundai-eon-2015-cars-hyderabad-10443176110/,2015 Hyundai Eon,Cars24 Owned Stock,₹1.77 lakh,"GVK One Mall, Banjara Hills, Hyderabad, Telangana","1,04,045 km",Petrol,Manual,TS-07,[]
https://www.cars24.com/buy-used-maruti-alto-k10-2015-cars-hyderabad-10462696199/,2015 Maruti Alto K10,Cars24 Owned Stock,₹2.19 lakh,"Kompally, Hyderabad","61,631 km",Petrol,,TS-09,['Auto']
https://www.cars24.com/buy-used-ford-new-figo-2015-cars-hyderabad-10409994149/,2015 Ford New Figo,Cars24 Owned Stock,₹3.29 lakh,"Bachupally, Hyderabad","1,01,193 km",Diesel,Manual,TS-10,[]
https://www.cars24.com/buy-used-maruti-wagon-r-1.0-2016-cars-hyderabad-10413197146/,2016 Maruti Wagon R 1.0,Cars24 Owned Stock,₹2.46 lakh,"Kompally, Hyderabad","1,13,086 km",Petrol,Manual,TS-07,[]
https://www.cars24.com/buy-used-mg-hector-2019-cars-hyderabad-10423470193/,2019 MG HECTOR,Cars24 Owned Stock,₹9.27 lakh,"Bachupally, Hyderabad","55,838 km",Petrol,Manual,TS-10,[]
https://www.cars24.com/buy-used-hyundai-alcazar-2022-cars-hyderabad-10476271152/,2022 Hyundai ALCAZAR,Cars24 Owned Stock,₹15.75 lakh,"Kompally, Hyderabad","39,420 km",Diesel,,TS-02,['Auto']
https://www.cars24.com/buy-used-toyota-urban-cruiser-2021-cars-hyderabad-10414477193/,2021 Toyota URBAN CRUISER,Cars24 Owned Stock,₹7.01 lakh,"Upperpally, Attapur, Hyderabad","1,14,755 km",Petrol,Manual,TS-07,[]
https://www.cars24.com/buy-used-tata-nano-2014-cars-hyderabad-10479979116/,2014 Tata Nano,Cars24 Owned Stock,₹1.44 lakh,"Bachupally, Hyderabad","56,820 km",Petrol,Manual,,['TS-O9']
https://www.cars24.com/buy-used-nissan-magnite-2024-cars-hyderabad-10475074110/,2024 Nissan MAGNITE,Cars24 Owned Stock,₹8.99 lakh,"Kompally, Hyderabad","45,642 km",Petrol,,TG-07,['Auto']
https://www.cars24.com/buy-used-maruti-xl6-2021-cars-hyderabad-10420576190/,2021 Maruti XL6,Cars24 Owned Stock,₹7.70 lakh,"Uppal, Hyderabad","1,14,151 km",Petrol,Manual,TS-10,[]
https://www.cars24.com/buy-used-tata-altroz-2022-cars-hyderabad-10484294148/,2022 Tata ALTROZ,Cars24 Owned Stock,₹6.50 lakh,"Kompally, Hyderabad","23,988 km",Petrol,,TS-07,['Auto']
https://www.cars24.com/buy-used-tata-altroz-2024-cars-hyderabad-10467079119/,2024 Tata ALTROZ,Cars24 Owned Stock,₹7.74 lakh,"Uppal, Hyderabad","29,349 km",Diesel,Manual,TG-08,[]
https://www.cars24.com/buy-used-honda-city-2021-cars-hyderabad-10498876176/,2021 Honda City,Cars24 Owned Stock,₹8.12 lakh,"Kompally, Hyderabad","1,20,704 km",Petrol,,TS-07,['Auto']
https://www.cars24.com/buy-used-hyundai-grand-i10-nios-2022-cars-hyderabad-10484177159/,2022 Hyundai GRAND I10 NIOS,Cars24 Owned Stock,₹5.92 lakh,"Kompally, Hyderabad","44,497 km",Petrol,Manual,TS-08,[]
https://www.cars24.com/buy-used-maruti-wagon-r-1.0-2014-cars-hyderabad-10438367760/,2014 Maruti Wagon R 1.0,Cars24 Owned Stock,₹2.49 lakh,"Kompally, Hyderabad","93,823 km",CNG,Manual,TS-10,[]
https://www.cars24.com/buy-used-hyundai-new-santro-2022-cars-hyderabad-10405897164/,2022 Hyundai NEW SANTRO,Cars24 Owned Stock,₹3.58 lakh,"Uppal, Hyderabad","77,265 km",Petrol,Manual,TS-04,[]
https://www.cars24.com/buy-used-maruti-eeco-2017-cars-hyderabad-10409770174/,2017 Maruti Eeco,Cars24 Owned Stock,₹2.59 lakh,"Kompally, Hyderabad","1,25,143 km",Petrol,Manual,TS-10,[]
https://www.cars24.com/buy-used-hyundai-new-santro-2019-cars-hyderabad-10427079173/,2019 Hyundai NEW SANTRO,Cars24 Owned Stock,₹4.13 lakh,"Bachupally, Hyderabad","59,012 km",Petrol,,TS-08,['Auto']
https://www.cars24.com/buy-used-maruti-alto-2019-cars-hyderabad-10442298135/,2019 Maruti Alto,Cars24 Owned Stock,₹2.67 lakh,"Upperpally, Attapur, Hyderabad","58,465 km",Petrol,Manual,TS-34,[]
https://www.cars24.com/buy-used-kia-seltos-2022-cars-hyderabad-10453976158/,2022 KIA SELTOS,Cars24 Owned Stock,₹10.95 lakh,"Uppal, Hyderabad","82,654 km",Diesel,Manual,TS-08,[]
https://www.cars24.com/buy-used-maruti-ciaz-2017-cars-hyderabad-10401292134/,2017 Maruti Ciaz,Cars24 Owned Stock,₹5.47 lakh,"Kompally, Hyderabad","1,04,344 km",Diesel,Manual,TS-09,[]
https://www.cars24.com/buy-used-ford-figo-2013-cars-hyderabad-10423498112/,2013 Ford Figo,Cars24 Owned Stock,₹2.39 lakh,"Uppal, Hyderabad","92,311 km",Diesel,Manual,AP-10,[]
https://www.cars24.com/buy-used-mg-hector-2019-cars-hyderabad-10499892133/,2019 MG HECTOR,Cars24 Owned Stock,₹9.58 lakh,"Kompally, Hyderabad","42,795 km",Diesel,Manual,TS-13,[]
https://www.cars24.com/buy-used-hyundai-alcazar-2022-cars-hyderabad-10405278156/,2022 Hyundai ALCAZAR,Cars24 Owned Stock,₹12.90 lakh,"Upperpally, Attapur, Hyderabad","1,42,743 km",Diesel,,TS-07,['Auto']
https://www.cars24.com/buy-used-toyota-urban-cruiser-2022-cars-hyderabad-10458970186/,2022 Toyota URBAN CRUISER,Cars24 Owned Stock,₹8.10 lakh,"Uppal, Hyderabad","55,973 km",Petrol,,TS-09,['Auto']
https://www.cars24.com/buy-used-renault-triber-2022-cars-hyderabad-10451070195/,2022 Renault TRIBER,Cars24 Owned Stock,₹5.10 lakh,"Kompally, Hyderabad","62,959 km",Petrol,Manual,TS-08,[]
https://www.cars24.com/buy-used-renault-kwid-2017-cars-hyderabad-10467179155/,2017 Renault Kwid,Cars24 Owned Stock,₹2.34 lakh,"Bachupally, Hyderabad","89,855 km",Petrol,,TS-08,['Auto']
https://www.cars24.com/buy-used-nissan-sunny-2017-cars-hyderabad-10481872155/,2017 Nissan Sunny,Cars24 Owned Stock,₹5.09 lakh,"Kompally, Hyderabad","53,359 km",Diesel,Manual,TS-07,[]
https://www.cars24.com/buy-used-maruti-s-cross-2021-cars-hyderabad-10450196134/,2021 Maruti S Cross,Cars24 Owned Stock,₹6.63 lakh,"Bachupally, Hyderabad","56,324 km",Petrol,Manual,TS-07,[]
https://www.cars24.com/buy-used-honda-city-2018-cars-hyderabad-10425992104/,2018 Honda City,Cars24 Owned Stock,₹5.48 lakh,"Kompally, Hyderabad","74,104 km",Petrol,Manual,AP-31,[]
https://www.cars24.com/buy-used-tata-altroz-2022-cars-hyderabad-10459576189/,2022 Tata ALTROZ,Cars24 Owned Stock,₹6.77 lakh,"Upperpally, Attapur, Hyderabad","83,799 km",Petrol,,TS-08,['Auto']
https://www.cars24.com/buy-used-mahindra-tuv300-2017-cars-hyderabad-10447593141/,2017 Mahindra TUV300,Cars24 Owned Stock,₹5.44 lakh,"Kompally, Hyderabad","71,238 km",Diesel,Manual,TS-09,[]
https://www.cars24.com/buy-used-honda-city-2016-cars-hyderabad-10437094112/,2016 Honda City,Cars24 Owned Stock,₹4.61 lakh,"Kompally, Hyderabad","96,672 km",Petrol,Manual,TS-10,[]
https://www.cars24.com/buy-used-maruti-ciaz-2014-cars-hyderabad-10461976155/,2014 Maruti Ciaz,Cars24 Owned Stock,₹3.95 lakh,"Kompally, Hyderabad","1,03,376 km",Petrol,Manual,TS-07,[]
https://www.cars24.com/buy-used-mahindra-xuv300-2023-cars-hyderabad-10439775180/,2023 Mahindra XUV300,Cars24 Owned Stock,₹8.18 lakh,"GVK One Mall, Banjara Hills, Hyderabad, Telangana","16,104 km",Petrol,,TS-08,['Auto']
https://www.cars24.com/buy-used-hyundai-new-elantra-2014-cars-hyderabad-10429272159/,2014 Hyundai New Elantra,Cars24 Owned Stock,₹5.97 lakh,"Bachupally, Hyderabad","63,142 km",Petrol,,TS-07,['Auto']
https://www.cars24.com/buy-used-maruti-brezza-2023-cars-hyderabad-10472875199/,2023 Maruti BREZZA,Cars24 Owned Stock,₹9.17 lakh,"Kompally, Hyderabad","43,560 km",Petrol,Manual,TS-30,[]
https://www.cars24.com/buy-used-maruti-alto-2023-cars-hyderabad-10466579197/,2023 Maruti Alto,Cars24 Owned Stock,₹3.30 lakh,"Uppal, Hyderabad","31,603 km",Petrol,Manual,TS-08,[]
https://www.cars24.com/buy-used-hyundai-new-santro-2021-cars-hyderabad-10478173175/,2021 Hyundai NEW SANTRO,Cars24 Owned Stock,₹4.31 lakh,"Kompally, Hyderabad","28,547 km",Petrol,,AP-39,['Auto']
https://www.cars24.com/buy-used-skoda-kushaq-2021-cars-hyderabad-10442592177/,2021 Skoda KUSHAQ,Cars24 Owned Stock,₹10.35 lakh,"Kompally, Hyderabad","59,636 km",Petrol,,TS-09,['Auto']
https://www.cars24.com/buy-used-hyundai-tucson-2020-cars-hyderabad-10455973111/,2020 Hyundai Tucson,Cars24 Owned Stock,₹12.02 lakh,"Upperpally, Attapur, Hyderabad","1,40,820 km",Diesel,,TS-07,['Auto']
https://www.cars24.com/buy-used-hyundai-grand-i10-2014-cars-hyderabad-10296099144/,2014 Hyundai Grand i10,Cars24 Owned Stock,₹3.12 lakh,"Kompally, Hyderabad","1,08,951 km",Petrol,Manual,AP-02,[]
https://www.cars24.com/buy-used-kia-seltos-2020-cars-hyderabad-10491596125/,2020 KIA SELTOS,Cars24 Owned Stock,₹9.84 lakh,"Uppal, Hyderabad","1,00,846 km",Diesel,,TS-10,['Auto']
https://www.cars24.com/buy-used-mg-hector-2021-cars-hyderabad-10454694113/,2021 MG HECTOR,Cars24 Owned Stock,₹9.13 lakh,"Kompally, Hyderabad","73,444 km",Petrol,Manual,TS-02,[]
https://www.cars24.com/buy-used-hyundai-tucson-2019-cars-hyderabad-10427876117/,2019 Hyundai Tucson,Cars24 Owned Stock,₹12.00 lakh,"Uppal, Hyderabad","1,14,846 km",Petrol,,TS-08,['Auto']
https://www.cars24.com/buy-used-kia-sonet-2022-cars-hyderabad-10473695106/,2022 KIA SONET,Cars24 Owned Stock,₹8.10 lakh,"Bachupally, Hyderabad","69,630 km",Petrol,,TS-07,['Auto']
https://www.cars24.com/buy-used-maruti-new-wagon-r-2021-cars-hyderabad-10487799119/,2021 Maruti New Wagon-R,Cars24 Owned Stock,₹4.55 lakh,"Bachupally, Hyderabad","93,535 km",Petrol,,TS-12,['Auto']
https://www.cars24.com/buy-used-kia-carens-2023-cars-hyderabad-10406392162/,2023 KIA CARENS,Cars24 Owned Stock,₹10.73 lakh,"Uppal, Hyderabad","11,987 km",Petrol,Manual,TS-08,[]
https://www.cars24.com/buy-used-nissan-sunny-2018-cars-hyderabad-10408897133/,2018 Nissan Sunny,Cars24 Owned Stock,₹4.09 lakh,"Kompally, Hyderabad","1,11,831 km",Diesel,Manual,TS-11,[]
https://www.cars24.com/buy-used-maruti-s-cross-2020-cars-hyderabad-10415777157/,2020 Maruti S Cross,Cars24 Owned Stock,₹6.99 lakh,"Bachupally, Hyderabad","84,017 km",Petrol,,TS-07,['Auto']
https://www.cars24.com/buy-used-mahindra-xuv300-2021-cars-hyderabad-10404074110/,2021 Mahindra XUV300,Cars24 Owned Stock,₹7.66 lakh,"Kompally, Hyderabad","1,23,050 km",Diesel,,TS-07,['Auto']
https://www.cars24.com/buy-used-tata-altroz-2023-cars-hyderabad-10468278190/,2023 Tata ALTROZ,Cars24 Owned Stock,₹7.51 lakh,"Upperpally, Attapur, Hyderabad","19,695 km",CNG,Manual,TS-09,[]
https://www.cars24.com/buy-used-mahindra-xuv300-2019-cars-hyderabad-10411998128/,2019 Mahindra XUV300,Cars24 Owned Stock,₹7.24 lakh,"Bachupally, Hyderabad","73,135 km",Diesel,,TS-08,['Auto']
https://www.cars24.com/buy-used-maruti-xl6-2021-cars-hyderabad-10450171151/,2021 Maruti XL6,Cars24 Owned Stock,₹8.77 lakh,"Bachupally, Hyderabad","76,112 km",Petrol,Manual,TS-07,[]
https://www.cars24.com/buy-used-hyundai-i10-2016-cars-hyderabad-10490179177/,2016 Hyundai i10,Cars24 Owned Stock,₹3.03 lakh,"Uppal, Hyderabad","59,754 km",Petrol,Manual,TS-09,[]
https://www.cars24.com/buy-used-maruti-brezza-2023-cars-hyderabad-10469879190/,2023 Maruti BREZZA,Cars24 Owned Stock,₹8.51 lakh,"GVK One Mall, Banjara Hills, Hyderabad, Telangana","73,681 km",Petrol,Manual,TS-03,[]
https://www.cars24.com/buy-used-hyundai-grand-i10-nios-2019-cars-hyderabad-10467095140/,2019 Hyundai GRAND I10 NIOS,Cars24 Owned Stock,₹3.98 lakh,"Bachupally, Hyderabad","1,26,925 km",Petrol,,TS-08,['Auto']
https://www.cars24.com/buy-used-maruti-alto-2022-cars-hyderabad-10439773156/,2022 Maruti Alto,Cars24 Owned Stock,₹3.14 lakh,"GVK One Mall, Banjara Hills, Hyderabad, Telangana","29,408 km",Petrol,Manual,TS-08,[]
https://www.cars24.com/buy-used-hyundai-i20-2014-cars-hyderabad-10200098157/,2014 Hyundai i20,Cars24 Owned Stock,₹3.33 lakh,"GVK One Mall, Banjara Hills, Hyderabad, Telangana","72,657 km",Petrol,Manual,TS-07,[]
https://www.cars24.com/buy-used-nissan-micra-active-2016-cars-hyderabad-10406699131/,2016 Nissan Micra Active,Cars24 Owned Stock,₹2.42 lakh,"Upperpally, Attapur, Hyderabad","1,09,038 km",Petrol,Manual,TS-10,[]
https://www.cars24.com/buy-used-maruti-new-wagon-r-2021-cars-hyderabad-10418474171/,2021 Maruti New Wagon-R,Cars24 Owned Stock,₹4.07 lakh,"Kompally, Hyderabad","1,33,621 km",Petrol,Manual,TS-24,[]
https://www.cars24.com/buy-used-kia-seltos-2023-cars-hyderabad-10447673180/,2023 KIA SELTOS,Cars24 Owned Stock,₹15.20 lakh,"Bachupally, Hyderabad","43,750 km",Petrol,,TS-11,['Auto']
https://www.cars24.com/buy-used-maruti-ignis-2018-cars-hyderabad-10454666749/,2018 Maruti IGNIS,Cars24 Owned Stock,₹3.97 lakh,"Bachupally, Hyderabad","77,110 km",Petrol,,TS-12,['Auto']
https://www.cars24.com/buy-used-mg-hector-2022-cars-hyderabad-10432178170/,2022 MG HECTOR,Cars24 Owned Stock,₹11.23 lakh,"Kompally, Hyderabad","50,823 km",Petrol,,TS-07,['Auto']
https://www.cars24.com/buy-used-skoda-kushaq-2022-cars-hyderabad-10450695135/,2022 Skoda KUSHAQ,Cars24 Owned Stock,₹8.89 lakh,"Bachupally, Hyderabad","1,12,171 km",Petrol,,TS-10,['Auto']
https://www.cars24.com/buy-used-hyundai-tucson-2023-cars-hyderabad-10426891123/,2023 Hyundai Tucson,Cars24 Owned Stock,₹25.52 lakh,"Upperpally, Attapur, Hyderabad","17,686 km",Diesel,,TS-08,['Auto']
https://www.cars24.com/buy-used-kia-sonet-2023-cars-hyderabad-10493374157/,2023 KIA SONET,Cars24 Owned Stock,₹8.37 lakh,"Bachupally, Hyderabad","1,15,608 km",Petrol,,TS-08,['Auto']
https://www.cars24.com/buy-used-renault-kiger-2021-cars-hyderabad-10469496132/,2021 Renault Kiger,Cars24 Owned Stock,₹4.38 lakh,"Kompally, Hyderabad","79,611 km",Petrol,Manual,TS-34,[]
https://www.cars24.com/buy-used-kia-sonet-2021-cars-hyderabad-10464478182/,2021 KIA SONET,Cars24 Owned Stock,₹8.65 lakh,"Uppal, Hyderabad","62,398 km",Petrol,Manual,TS-07,[]
https://www.cars24.com/buy-used-honda-mobilio-2014-cars-hyderabad-10451796115/,2014 Honda Mobilio,Cars24 Owned Stock,₹3.84 lakh,"Kompally, Hyderabad","1,39,119 km",Petrol,Manual,TS-10,[]
https://www.cars24.com/buy-used-mahindra-xuv300-2022-cars-hyderabad-10464493116/,2022 Mahindra XUV300,Cars24 Owned Stock,₹7.24 lakh,"GVK One Mall, Banjara Hills, Hyderabad, Telangana","1,16,841 km",Diesel,,TS-15,['Auto']
https://www.cars24.com/buy-used-tata-punch-2024-cars-hyderabad-10427471156/,2024 Tata PUNCH,Cars24 Owned Stock,₹6.42 lakh,"Kompally, Hyderabad","34,630 km",Petrol,Manual,TG-08,[]
https://www.cars24.com/buy-used-renault-triber-2020-cars-hyderabad-10471493152/,2020 Renault TRIBER,Cars24 Owned Stock,₹4.64 lakh,"Kompally, Hyderabad","47,764 km",Petrol,Manual,TS-07,[]
https://www.cars24.com/buy-used-honda-city-2021-cars-hyderabad-10412176197/,2021 Honda City,Cars24 Owned Stock,₹7.72 lakh,"GVK One Mall, Banjara Hills, Hyderabad, Telangana","92,855 km",Petrol,Manual,TS-07,[]
https://www.cars24.com/buy-used-maruti-s-cross-2020-cars-hyderabad-10461673185/,2020 Maruti S Cross,Cars24 Owned Stock,₹7.34 lakh,"GVK One Mall, Banjara Hills, Hyderabad, Telangana","92,410 km",Petrol,,TS-15,['Auto']
https://www.cars24.com/buy-used-hyundai-aura-2023-cars-hyderabad-10411176186/,2023 Hyundai AURA,Cars24 Owned Stock,₹7.04 lakh,"Uppal, Hyderabad","17,222 km",Petrol,,TS-07,['Auto']
https://www.cars24.com/buy-used-maruti-brezza-2024-cars-hyderabad-10400074159/,2024 Maruti BREZZA,Cars24 Owned Stock,₹8.75 lakh,"Bachupally, Hyderabad","85,248 km",Petrol,,TG-09,['Auto']
https://www.cars24.com/buy-used-hyundai-exter-2025-cars-hyderabad-10402296103/,2025 Hyundai EXTER,Cars24 Owned Stock,₹8.34 lakh,"Bachupally, Hyderabad","9,202 km",Petrol,,TG-08,['Auto']
https://www.cars24.com/buy-used-nissan-micra-2014-cars-hyderabad-10469678179/,2014 Nissan Micra,Cars24 Owned Stock,₹2.57 lakh,"Bachupally, Hyderabad","74,610 km",Petrol,,TS-10,['Auto']
https://www.cars24.com/buy-used-tata-altroz-2024-cars-hyderabad-10462471158/,2024 Tata ALTROZ,Cars24 Owned Stock,₹8.36 lakh,"GVK One Mall, Banjara Hills, Hyderabad, Telangana","29,253 km",Diesel,Manual,TG-08,[]
https://www.cars24.com/buy-used-hyundai-new-i20-n-line-2025-cars-hyderabad-10425770118/,2025 Hyundai NEW I20 N LINE,Cars24 Owned Stock,₹9.76 lakh,"GVK One Mall, Banjara Hills, Hyderabad, Telangana","12,556 km",Petrol,,TG-07,['Auto']
https://www.cars24.com/buy-used-mahindra-xuv300-2023-cars-hyderabad-10460796163/,2023 Mahindra XUV300,Cars24 Owned Stock,₹9.08 lakh,"Bachupally, Hyderabad","12,068 km",Petrol,,TS-03,['Auto']
https://www.cars24.com/buy-used-mahindra-scorpio-2021-cars-hyderabad-10480678172/,2021 Mahindra Scorpio,Cars24 Owned Stock,₹8.81 lakh,"Kompally, Hyderabad","1,47,126 km",Diesel,Manual,TS-09,[]
https://www.cars24.com/buy-used-maruti-grand-vitara-2022-cars-hyderabad-10410372193/,2022 Maruti Grand Vitara,Cars24 Owned Stock,₹11.17 lakh,"Kompally, Hyderabad","23,244 km",Petrol,Manual,TS-09,[]
https://www.cars24.com/buy-used-mahindra-xuv300-2023-cars-hyderabad-10476091181/,2023 Mahindra XUV300,Cars24 Owned Stock,₹8.71 lakh,"GVK One Mall, Banjara Hills, Hyderabad, Telangana","36,660 km",Petrol,,TS-09,['Auto']
https://www.cars24.com/buy-used-kia-seltos-2022-cars-hyderabad-10456076171/,2022 KIA SELTOS,Cars24 Owned Stock,₹13.27 lakh,"Bachupally, Hyderabad","46,391 km",Petrol,,TS-12,['Auto']
https://www.cars24.com/buy-used-maruti-xl6-2024-cars-hyderabad-10423070115/,2024 Maruti XL6,Cars24 Owned Stock,₹13.30 lakh,"Kompally, Hyderabad","18,973 km",Petrol,,TG-08,['Auto']
https://www.cars24.com/buy-used-mg-hector-2019-cars-hyderabad-10447298101/,2019 MG HECTOR,Cars24 Owned Stock,₹8.66 lakh,"Upperpally, Attapur, Hyderabad","39,934 km",Petrol,,TS-08,['Auto']
https://www.cars24.com/buy-used-skoda-kodiaq-2018-cars-hyderabad-10460093151/,2018 Skoda Kodiaq,Cars24 Owned Stock,₹13.35 lakh,"Kompally, Hyderabad","1,29,439 km",Diesel,,TS-07,['Auto']
https://www.cars24.com/buy-used-renault-kiger-2021-cars-hyderabad-10408777176/,2021 Renault Kiger,Cars24 Owned Stock,₹5.88 lakh,"Kompally, Hyderabad","53,946 km",Petrol,,AP-39,['Auto']
https://www.cars24.com/buy-used-renault-kiger-2021-cars-hyderabad-10423598107/,2021 Renault Kiger,Cars24 Owned Stock,₹4.93 lakh,"Uppal, Hyderabad","21,321 km",Petrol,,TS-08,['Auto']
https://www.cars24.com/buy-used-honda-brio-2016-cars-hyderabad-10473470170/,2016 Honda Brio,Cars24 Owned Stock,₹3.33 lakh,"Kompally, Hyderabad","48,294 km",Petrol,Manual,AP-31,[]
https://www.cars24.com/buy-used-renault-triber-2022-cars-hyderabad-10451192120/,2022 Renault TRIBER,Cars24 Owned Stock,₹4.62 lakh,"GVK One Mall, Banjara Hills, Hyderabad, Telangana","67,594 km",Petrol,Manual,TS-08,[]
https://www.cars24.com/buy-used-tata-harrier-2021-cars-hyderabad-10474975118/,2021 Tata Harrier,Cars24 Owned Stock,₹12.09 lakh,"Bachupally, Hyderabad","1,21,034 km",Diesel,,TS-08,['Auto']
https://www.cars24.com/buy-used-renault-triber-2025-cars-hyderabad-10426598109/,2025 Renault TRIBER,Cars24 Owned Stock,₹6.22 lakh,"Kompally, Hyderabad","4,988 km",Petrol,Manual,TG-15,[]
https://www.cars24.com/buy-used-tata-punch-2021-cars-hyderabad-10485374157/,2021 Tata PUNCH,Cars24 Owned Stock,₹5.27 lakh,"Uppal, Hyderabad","94,937 km",Petrol,Manual,TS-07,[]
https://www.cars24.com/buy-used-renault-triber-2021-cars-hyderabad-10401996129/,2021 Renault TRIBER,Cars24 Owned Stock,₹4.69 lakh,"Bachupally, Hyderabad","33,300 km",Petrol,,TS-08,['Auto']
https://www.cars24.com/buy-used-maruti-fronx-2024-cars-hyderabad-10465694139/,2024 Maruti FRONX,Cars24 Owned Stock,₹6.99 lakh,"Kompally, Hyderabad","64,128 km",Petrol,Manual,TG-08,[]
https://www.cars24.com/buy-used-tata-tigor-2021-cars-hyderabad-11466274173/,2021 Tata TIGOR,Cars24 Owned Stock,₹4.39 lakh,"Kompally, Hyderabad","63,354 km",Petrol,Manual,TS-29,[]
https://www.cars24.com/buy-used-tata-punch-2023-cars-hyderabad-10460370157/,2023 Tata PUNCH,Cars24 Owned Stock,₹6.99 lakh,"Uppal, Hyderabad","19,349 km",Petrol,,TS-08,['Auto']
https://www.cars24.com/buy-used-honda-city-2018-cars-hyderabad-10455473175/,2018 Honda City,Cars24 Owned Stock,₹6.36 lakh,"Kompally, Hyderabad","1,00,688 km",Petrol,,TS-09,['Auto']
https://www.cars24.com/buy-used-nissan-kicks-2019-cars-hyderabad-10428494175/,2019 Nissan Kicks,Cars24 Owned Stock,₹5.81 lakh,"Kompally, Hyderabad","1,18,342 km",Diesel,Manual,TS-07,[]
https://www.cars24.com/buy-used-maruti-new-wagon-r-2021-cars-hyderabad-10414276178/,2021 Maruti New Wagon-R,Cars24 Owned Stock,₹4.06 lakh,"GVK One Mall, Banjara Hills, Hyderabad, Telangana","1,17,722 km",Petrol,Manual,TS-08,[]
https://www.cars24.com/buy-used-kia-seltos-2022-cars-hyderabad-10438873116/,2022 KIA SELTOS,Cars24 Owned Stock,₹14.05 lakh,"GVK One Mall, Banjara Hills, Hyderabad, Telangana","28,866 km",Petrol,,TS-07,['Auto']
https://www.cars24.com/buy-used-maruti-jimny-2023-cars-hyderabad-10408996164/,2023 Maruti JIMNY,Cars24 Owned Stock,₹10.11 lakh,"Upperpally, Attapur, Hyderabad","26,680 km",Petrol,Manual,TG-08,[]
https://www.cars24.com/buy-used-maruti-a-star-2013-cars-hyderabad-10459798182/,2013 Maruti A Star,Cars24 Owned Stock,₹2.21 lakh,"Kompally, Hyderabad","68,996 km",Petrol,,AP-09,['Auto']
https://www.cars24.com/buy-used-tata-harrier-2021-cars-hyderabad-10452178150/,2021 Tata Harrier,Cars24 Owned Stock,₹12.93 lakh,"GVK One Mall, Banjara Hills, Hyderabad, Telangana","77,597 km",Diesel,Manual,TS-07,[]
https://www.cars24.com/buy-used-tata-harrier-2022-cars-hyderabad-10413195168/,2022 Tata Harrier,Cars24 Owned Stock,₹13.24 lakh,"Upperpally, Attapur, Hyderabad","1,33,989 km",Diesel,,TS-03,['Auto']
https://www.cars24.com/buy-used-mahindra-scorpio-n-2024-cars-hyderabad-10459692167/,2024 Mahindra SCORPIO-N,Cars24 Owned Stock,₹17.89 lakh,"Kompally, Hyderabad","17,908 km",Petrol,,TS-09,['Auto']
https://www.cars24.com/buy-used-skoda-kodiaq-2019-cars-hyderabad-10415162731/,2019 Skoda Kodiaq,Cars24 Owned Stock,₹16.14 lakh,"Kompally, Hyderabad","79,314 km",Diesel,,TS-07,['Auto']
https://www.cars24.com/buy-used-mahindra-scorpio-n-2023-cars-hyderabad-10488875176/,2023 Mahindra SCORPIO-N,Cars24 Owned Stock,₹18.54 lakh,"Kompally, Hyderabad","52,840 km",Diesel,,TS-07,['Auto']
https://www.cars24.com/buy-used-renault-triber-2019-cars-hyderabad-10425373118/,2019 Renault TRIBER,Cars24 Owned Stock,₹3.79 lakh,"Bachupally, Hyderabad","1,29,951 km",Petrol,Manual,TS-02,[]
https://www.cars24.com/buy-used-renault-triber-2021-cars-hyderabad-10434291119/,2021 Renault TRIBER,Cars24 Owned Stock,₹4.32 lakh,"Uppal, Hyderabad","81,723 km",Petrol,Manual,TS-28,[]
https://www.cars24.com/buy-used-mahindra-marazzo-2018-cars-hyderabad-10458098136/,2018 Mahindra MARAZZO,Cars24 Owned Stock,₹7.03 lakh,"Upperpally, Attapur, Hyderabad","1,16,231 km",Diesel,Manual,TS-08,[]
https://www.cars24.com/buy-used-honda-city-2022-cars-hyderabad-10475977155/,2022 Honda City,Cars24 Owned Stock,₹10.81 lakh,"Upperpally, Attapur, Hyderabad","45,047 km",Petrol,,TS-11,['Auto']
https://www.cars24.com/buy-used-honda-jazz-2017-cars-hyderabad-10461570156/,2017 Honda Jazz,Cars24 Owned Stock,₹4.97 lakh,"Kompally, Hyderabad","72,280 km",Petrol,,TS-09,['Auto']
https://www.cars24.com/buy-used-renault-kiger-2023-cars-hyderabad-10429776196/,2023 Renault Kiger,Cars24 Owned Stock,₹6.28 lakh,"Uppal, Hyderabad","11,277 km",Petrol,,TS-13,['Auto']
https://www.cars24.com/buy-used-honda-wr-v-2022-cars-hyderabad-10458775188/,2022 Honda WR-V,Cars24 Owned Stock,₹7.78 lakh,"GVK One Mall, Banjara Hills, Hyderabad, Telangana","74,690 km",Petrol,Manual,TS-09,[]
https://www.cars24.com/buy-used-tata-punch-2023-cars-hyderabad-10427071176/,2023 Tata PUNCH,Cars24 Owned Stock,₹5.64 lakh,"Kompally, Hyderabad","1,13,785 km",CNG,Manual,TS-12,[]
https://www.cars24.com/buy-used-mahindra-bolero-neo-2023-cars-hyderabad-10466697136/,2023 Mahindra BOLERO NEO,Cars24 Owned Stock,₹8.00 lakh,"Bachupally, Hyderabad","69,275 km",Diesel,Manual,TS-08,[]
https://www.cars24.com/buy-used-tata-tiago-nrg-2022-cars-hyderabad-10410995120/,2022 Tata TIAGO NRG,Cars24 Owned Stock,₹5.18 lakh,"Kompally, Hyderabad","65,975 km",Petrol,,TS-08,['Auto']
https://www.cars24.com/buy-used-renault-duster-2013-cars-hyderabad-10477878178/,2013 Renault Duster,Cars24 Owned Stock,₹2.79 lakh,"Kompally, Hyderabad","1,49,779 km",Diesel,Manual,AP-09,[]
https://www.cars24.com/buy-used-tata-tigor-2021-cars-hyderabad-10494762769/,2021 Tata TIGOR,Cars24 Owned Stock,₹5.22 lakh,"Upperpally, Attapur, Hyderabad","39,947 km",Petrol,,TS-35,['Auto']
https://www.cars24.com/buy-used-mahindra-marazzo-2020-cars-hyderabad-10451993161/,2020 Mahindra MARAZZO,Cars24 Owned Stock,₹8.92 lakh,"Kompally, Hyderabad","1,31,685 km",Diesel,Manual,TS-03,[]
https://www.cars24.com/buy-used-honda-city-2013-cars-hyderabad-10405772176/,2013 Honda City,Cars24 Owned Stock,₹3.35 lakh,"Kompally, Hyderabad","1,16,211 km",Petrol,,AP-09,['Auto']
https://www.cars24.com/buy-used-mahindra-kuv100-2016-cars-hyderabad-10451496179/,2016 Mahindra Kuv100,Cars24 Owned Stock,₹2.87 lakh,"Kompally, Hyderabad","72,494 km",Diesel,Manual,TS-10,[]
https://www.cars24.com/buy-used-honda-city-2021-cars-hyderabad-10441074183/,2021 Honda City,Cars24 Owned Stock,₹10.62 lakh,"Kompally, Hyderabad","51,707 km",Petrol,,TS-08,['Auto']
https://www.cars24.com/buy-used-maruti-a-star-2013-cars-hyderabad-10464499145/,2013 Maruti A Star,Cars24 Owned Stock,₹2.17 lakh,"Uppal, Hyderabad","29,903 km",Petrol,,AP-09,['Auto']
https://www.cars24.com/buy-used-kia-seltos-2023-cars-hyderabad-10479275177/,2023 KIA SELTOS,Cars24 Owned Stock,₹13.35 lakh,"Kompally, Hyderabad","21,553 km",Petrol,,TS-10,['Auto']
https://www.cars24.com/buy-used-kia-sonet-2024-cars-hyderabad-10445193166/,2024 KIA SONET,Cars24 Owned Stock,₹10.35 lakh,"Bachupally, Hyderabad","21,986 km",Petrol,Manual,TG-15,[]
https://www.cars24.com/buy-used-skoda-kylaq-2025-cars-hyderabad-10464574115/,2025 Skoda Kylaq,Cars24 Owned Stock,₹8.24 lakh,"Bachupally, Hyderabad","10,283 km",Petrol,Manual,TG-34,[]
https://www.cars24.com/buy-used-honda-wr-v-2018-cars-hyderabad-10491091160/,2018 Honda WR-V,Cars24 Owned Stock,₹5.68 lakh,"Kompally, Hyderabad","57,411 km",Petrol,Manual,TS-10,[]
https://www.cars24.com/buy-used-kia-sonet-2023-cars-hyderabad-10456679177/,2023 KIA SONET,Cars24 Owned Stock,₹8.69 lakh,"Kompally, Hyderabad","1,44,020 km",Diesel,Manual,TS-05,[]
https://www.cars24.com/buy-used-kia-sonet-2020-cars-hyderabad-10443576186/,2020 KIA SONET,Cars24 Owned Stock,₹9.71 lakh,"Upperpally, Attapur, Hyderabad","65,940 km",Diesel,,TS-07,['Auto']
https://www.cars24.com/buy-used-mg-hector-plus-2022-cars-hyderabad-10437294164/,2022 MG HECTOR PLUS,Cars24 Owned Stock,₹11.72 lakh,"Kompally, Hyderabad","63,628 km",Petrol,,AP-39,['Auto']
https://www.cars24.com/buy-used-kia-sonet-2022-cars-hyderabad-10432676191/,2022 KIA SONET,Cars24 Owned Stock,₹8.49 lakh,"Bachupally, Hyderabad","1,19,285 km",Diesel,Manual,TS-07,[]
https://www.cars24.com/buy-used-honda-wr-v-2017-cars-hyderabad-10466492108/,2017 Honda WR-V,Cars24 Owned Stock,₹5.04 lakh,"Kompally, Hyderabad","58,197 km",Petrol,Manual,TS-09,[]
https://www.cars24.com/buy-used-kia-carens-2022-cars-hyderabad-10420297105/,2022 KIA CARENS,Cars24 Owned Stock,₹11.65 lakh,"Bachupally, Hyderabad","10,543 km",Petrol,,TS-13,['Auto']
https://www.cars24.com/buy-used-skoda-karoq-2020-cars-hyderabad-10495698184/,2020 Skoda Karoq,Cars24 Owned Stock,₹14.14 lakh,"Bachupally, Hyderabad","1,10,456 km",Petrol,,TS-08,['Auto']
https://www.cars24.com/buy-used-mg-hector-plus-2020-cars-hyderabad-10462095100/,2020 MG HECTOR PLUS,Cars24 Owned Stock,₹9.56 lakh,"Bachupally, Hyderabad","56,478 km",Petrol,,TS-08,['Auto']
https://www.cars24.com/buy-used-honda-jazz-2022-cars-hyderabad-10416878198/,2022 Honda Jazz,Cars24 Owned Stock,₹7.65 lakh,"Kompally, Hyderabad","20,789 km",Petrol,,TS-07,['Auto']
https://www.cars24.com/buy-used-mg-hector-2019-cars-hyderabad-10472669768/,2019 MG HECTOR,Cars24 Owned Stock,₹9.70 lakh,"Upperpally, Attapur, Hyderabad","1,18,426 km",Diesel,Manual,TS-07,[]
https://www.cars24.com/buy-used-honda-city-2023-cars-hyderabad-10417892189/,2023 Honda City,Cars24 Owned Stock,₹12.02 lakh,"Kompally, Hyderabad","38,509 km",Petrol,,TS-07,['Auto']
https://www.cars24.com/buy-used-kia-seltos-2022-cars-hyderabad-10466578113/,2022 KIA SELTOS,Cars24 Owned Stock,₹13.96 lakh,"Upperpally, Attapur, Hyderabad","46,840 km",Diesel,,TS-09,['Auto']
https://www.cars24.com/buy-used-skoda-octavia-2019-cars-hyderabad-10473494122/,2019 Skoda Octavia,Cars24 Owned Stock,₹10.81 lakh,"Upperpally, Attapur, Hyderabad","71,916 km",Petrol,,TS-07,['Auto']
https://www.cars24.com/buy-used-kia-seltos-2023-cars-hyderabad-10462571198/,2023 KIA SELTOS,Cars24 Owned Stock,₹13.84 lakh,"Kompally, Hyderabad","66,293 km",Diesel,,TS-36,['Auto']
https://www.cars24.com/buy-used-tata-safari-2023-cars-hyderabad-10450791122/,2023 Tata Safari,Cars24 Owned Stock,₹16.97 lakh,"Bachupally, Hyderabad","1,11,940 km",Diesel,,TS-08,['Auto']
https://www.cars24.com/buy-used-tata-harrier-2023-cars-hyderabad-10418396124/,2023 Tata Harrier,Cars24 Owned Stock,₹15.50 lakh,"Kompally, Hyderabad","45,655 km",Diesel,Manual,TS-09,[]
https://www.cars24.com/buy-used-mg-hector-2023-cars-hyderabad-10494573155/,2023 MG HECTOR,Cars24 Owned Stock,₹15.83 lakh,"Kompally, Hyderabad","52,288 km",Diesel,Manual,TS-30,[]
https://www.cars24.com/buy-used-kia-carens-clavis-2025-cars-hyderabad-10478274153/,2025 KIA Carens Clavis,Cars24 Owned Stock,₹18.09 lakh,"GVK One Mall, Banjara Hills, Hyderabad, Telangana","14,112 km",Petrol,Manual,TG-16,[]
https://www.cars24.com/buy-used-tata-safari-2023-cars-hyderabad-10449379192/,2023 Tata Safari,Cars24 Owned Stock,₹16.47 lakh,"Kompally, Hyderabad","1,18,926 km",Diesel,,TS-03,['Auto']
https://www.cars24.com/buy-used-skoda-kodiaq-2019-cars-hyderabad-10424594161/,2019 Skoda Kodiaq,Cars24 Owned Stock,₹16.71 lakh,"Kompally, Hyderabad","96,601 km",Diesel,,TS-07,['Auto']
https://www.cars24.com/buy-used-skoda-rapid-2021-cars-hyderabad-10471772150/,2021 Skoda Rapid,Cars24 Owned Stock,₹5.57 lakh,"Upperpally, Attapur, Hyderabad","73,200 km",Petrol,Manual,TS-08,[]
https://www.cars24.com/buy-used-honda-wr-v-2018-cars-hyderabad-10416679194/,2018 Honda WR-V,Cars24 Owned Stock,₹5.70 lakh,"Bachupally, Hyderabad","1,33,456 km",Diesel,Manual,TS-21,[]
https://www.cars24.com/buy-used-honda-jazz-2016-cars-hyderabad-10431270181/,2016 Honda Jazz,Cars24 Owned Stock,₹3.84 lakh,"Bachupally, Hyderabad","80,943 km",Petrol,Manual,TG-08,[]
https://www.cars24.com/buy-used-mg-hector-plus-2021-cars-hyderabad-10417077113/,2021 MG HECTOR PLUS,Cars24 Owned Stock,₹10.70 lakh,"Upperpally, Attapur, Hyderabad","1,07,433 km",Diesel,Manual,TS-07,[]
https://www.cars24.com/buy-used-skoda-kylaq-2025-cars-hyderabad-10420170110/,2025 Skoda Kylaq,Cars24 Owned Stock,₹13.75 lakh,"Upperpally, Attapur, Hyderabad","16,020 km",Petrol,,TG-10,['Auto']
https://www.cars24.com/buy-used-honda-wr-v-2019-cars-hyderabad-10407093100/,2019 Honda WR-V,Cars24 Owned Stock,₹5.50 lakh,"Kompally, Hyderabad","48,360 km",Petrol,Manual,TS-09,[]
https://www.cars24.com/buy-used-honda-jazz-2015-cars-hyderabad-10479371111/,2015 Honda Jazz,Cars24 Owned Stock,₹4.29 lakh,"Kompally, Hyderabad","57,176 km",Petrol,,TS-07,['Auto']
https://www.cars24.com/buy-used-kia-carens-2023-cars-hyderabad-10454570155/,2023 KIA CARENS,Cars24 Owned Stock,₹10.46 lakh,"Kompally, Hyderabad","51,878 km",Petrol,Manual,TS-07,[]
https://www.cars24.com/buy-used-mg-hector-plus-2020-cars-hyderabad-10400278150/,2020 MG HECTOR PLUS,Cars24 Owned Stock,₹14.40 lakh,"Uppal, Hyderabad","1,23,136 km",Petrol,,TS-07,['Auto']
https://www.cars24.com/buy-used-kia-carens-2022-cars-hyderabad-10497469767/,2022 KIA CARENS,Cars24 Owned Stock,₹12.80 lakh,"Kompally, Hyderabad","94,790 km",Diesel,,TS-09,['Auto']
https://www.cars24.com/buy-used-skoda-karoq-2020-cars-hyderabad-10432599128/,2020 Skoda Karoq,Cars24 Owned Stock,₹11.28 lakh,"Kompally, Hyderabad","1,05,516 km",Petrol,,TS-27,['Auto']
https://www.cars24.com/buy-used-mg-hector-plus-2021-cars-hyderabad-10475977156/,2021 MG HECTOR PLUS,Cars24 Owned Stock,₹13.62 lakh,"Bachupally, Hyderabad","22,728 km",Diesel,Manual,TS-12,[]
https://www.cars24.com/buy-used-tata-harrier-2023-cars-hyderabad-10454897147/,2023 Tata Harrier,Cars24 Owned Stock,₹17.90 lakh,"Kompally, Hyderabad","59,777 km",Diesel,,TS-02,['Auto']
https://www.cars24.com/buy-used-skoda-superb-2017-cars-hyderabad-10418792186/,2017 Skoda Superb,Cars24 Owned Stock,₹12.85 lakh,"Kompally, Hyderabad","65,419 km",Petrol,,TS-09,['Auto']
https://www.cars24.com/buy-used-skoda-octavia-2021-cars-hyderabad-10420960733/,2021 Skoda Octavia,Cars24 Owned Stock,₹16.31 lakh,"GVK One Mall, Banjara Hills, Hyderabad, Telangana","85,139 km",Petrol,,TS-08,['Auto']
https://www.cars24.com/buy-used-honda-crv-2020-cars-hyderabad-10418997148/,2020 Honda CRV,Cars24 Owned Stock,₹12.90 lakh,"Kompally, Hyderabad","99,973 km",Petrol,,TS-09,['Auto']
https://www.cars24.com/buy-used-honda-crv-2019-cars-hyderabad-10431295101/,2019 Honda CRV,Cars24 Owned Stock,₹14.53 lakh,"Bachupally, Hyderabad","1,12,929 km",Diesel,,TS-35,['Auto']
https://www.cars24.com/buy-used-jeep-compass-2017-cars-hyderabad-10468977119/,2017 Jeep Compass,Cars24 Owned Stock,₹8.46 lakh,"Kompally, Hyderabad","93,486 km",Petrol,,AP-21,['Auto']
https://www.cars24.com/buy-used-tata-punch-2022-cars-hyderabad-10499178185/,2022 Tata PUNCH,Cars24 Owned Stock,₹7.31 lakh,"Kompally, Hyderabad","20,973 km",Petrol,Manual,TS-36,[]
https://www.cars24.com/buy-used-honda-city-2013-cars-hyderabad-10485275186/,2013 Honda City,Cars24 Owned Stock,₹4.02 lakh,"Kompally, Hyderabad","68,435 km",Petrol,Manual,AP-10,[]
https://www.cars24.com/buy-used-tata-harrier-2023-cars-hyderabad-10469572151/,2023 Tata Harrier,Cars24 Owned Stock,₹18.67 lakh,"Upperpally, Attapur, Hyderabad","55,653 km",Diesel,,TS-10,['Auto']
https://www.cars24.com/buy-used-maruti-baleno-2020-cars-hyderabad-10449179152/,2020 Maruti Baleno,Cars24 Owned Stock,₹6.52 lakh,"Bachupally, Hyderabad","72,096 km",Petrol,,TS-07,['Auto']
https://www.cars24.com/buy-used-tata-nexon-2024-cars-hyderabad-10447773186/,2024 Tata NEXON,Cars24 Owned Stock,₹10.60 lakh,"Bachupally, Hyderabad","17,601 km",Petrol,,TG-07,['Auto']
https://www.cars24.com/buy-used-nissan-kicks-2019-cars-hyderabad-10435177152/,2019 Nissan Kicks,Cars24 Owned Stock,₹7.15 lakh,"Kompally, Hyderabad","39,912 km",Diesel,Manual,TS-09,[]
https://www.cars24.com/buy-used-maruti-new-wagon-r-2023-cars-hyderabad-10434975189/,2023 Maruti New Wagon-R,Cars24 Owned Stock,₹5.19 lakh,"Kompally, Hyderabad","36,495 km",Petrol,Manual,TS-07,[]
https://www.cars24.com/buy-used-maruti-ciaz-2019-cars-hyderabad-10425771159/,2019 Maruti Ciaz,Cars24 Owned Stock,₹6.23 lakh,"Kompally, Hyderabad","70,434 km",Diesel,Manual,AP-39,[]
https://www.cars24.com/buy-used-volkswagen-vento-2016-cars-hyderabad-10421179114/,2016 Volkswagen Vento,Cars24 Owned Stock,₹4.90 lakh,"Kompally, Hyderabad","1,02,411 km",Diesel,Manual,TS-08,[]
https://www.cars24.com/buy-used-ford-ecosport-2014-cars-hyderabad-10407696114/,2014 Ford Ecosport,Cars24 Owned Stock,₹5.40 lakh,"Kompally, Hyderabad","65,348 km",Petrol,,TS-07,['Auto']
https://www.cars24.com/buy-used-tata-nexon-2023-cars-hyderabad-10482571184/,2023 Tata NEXON,Verified Direct Seller,₹14.00 lakh,Hayathnagar_Khalsa Hyderabad Telangana,"22,526 km",Diesel,,TG-07,['Auto']
https://www.cars24.com/buy-used-tata-nexon-2024-cars-hyderabad-10426672158/,2024 Tata NEXON,Verified Direct Seller,₹9.49 lakh,Pragathinagar Pragathinagar Hyderabad,"37,335 km",Petrol,Manual,TG-26,[]
https://www.cars24.com/buy-used-tata-nexon-2023-cars-hyderabad-10480094161/,2023 Tata NEXON,Verified Direct Seller,₹9.50 lakh,Madhapur Hyderabad Telangana,"35,822 km",Petrol,,TS-10,['Auto']
https://www.cars24.com/buy-used-tata-nexon-2023-cars-hyderabad-10494579181/,2023 Tata NEXON,Verified Direct Seller,₹10.70 lakh,Bachupally Hyderabad Telangana,"24,633 km",Petrol,,TS-08,['Auto']
https://www.cars24.com/buy-used-tata-nexon-2024-cars-hyderabad-10483174155/,2024 Tata NEXON,Verified Direct Seller,₹12.00 lakh,Hyderabad Kismatpur Telangana,"28,695 km",Petrol,,TG-07,['Auto']
https://www.cars24.com/buy-used-honda-city-2017-cars-hyderabad-10439171154/,2017 Honda City,Verified Direct Seller,₹7.50 lakh,Medchal Malkajgiri Hyderabad,"11,929 km",Petrol,,TS-08,['Auto']
https://www.cars24.com/buy-used-tata-nexon-2026-cars-hyderabad-10472879184/,2026 Tata NEXON,Verified Direct Seller,₹15.60 lakh,Sri megha estatee Sri megha estatee Hyderabad,"12,835 km",Diesel,,TG-15,['Auto']
https://www.cars24.com/buy-used-maruti-grand-vitara-2024-cars-hyderabad-10465170180/,2024 Maruti Grand Vitara,Verified Direct Seller,₹11.00 lakh,Gajularamaram Hyderabad Telangana,"39,996 km",Petrol,Manual,TG-08,[]
https://www.cars24.com/buy-used-toyota-fortuner-2023-cars-hyderabad-10406671152/,2023 Toyota Fortuner,Verified Direct Seller,₹35.50 lakh,2 folar 2 folar Hyderabad,"44,389 km",Diesel,Manual,AP-39,[]
https://www.cars24.com/buy-used-tata-punch-2021-cars-hyderabad-10469279189/,2021 Tata PUNCH,Verified Direct Seller,₹6.50 lakh,Bachupally Hyderabad,"65,845 km",Petrol,Manual,TS-08,[]
https://www.cars24.com/buy-used-kia-seltos-2020-cars-hyderabad-10422172185/,2020 KIA SELTOS,Verified Direct Seller,₹8.50 lakh,Exit - 18 Hyderabad Telangana,"41,718 km",Petrol,Manual,CH-01,[]
https://www.cars24.com/buy-used-ford-ecosport-2016-cars-hyderabad-10415975181/,2016 Ford Ecosport,Verified Direct Seller,₹6.20 lakh,KpHB KpHB Hyderabad,"41,000 km",Diesel,Manual,TS-09,[]
https://www.cars24.com/buy-used-kia-sonet-2021-cars-hyderabad-10487874182/,2021 KIA SONET,Verified Direct Seller,₹9.30 lakh,Opp Nizampet Road Opp road dwaraka swag roughs foods Hyderabad,"47,074 km",Diesel,Manual,TS-08,[]
https://www.cars24.com/buy-used-tata-nexon-2021-cars-hyderabad-10406871151/,2021 Tata NEXON,Verified Direct Seller,₹7.53 lakh,Hyderabad Telangana India,"13,749 km",Petrol,Manual,TS-04,[]
https://www.cars24.com/buy-used-tata-nexon-2023-cars-hyderabad-10495578183/,2023 Tata NEXON,Verified Direct Seller,₹9.46 lakh,Telangana India DPS road,"65,197 km",Petrol,Manual,TS-35,[]
https://www.cars24.com/buy-used-kia-sonet-2020-cars-hyderabad-10470575154/,2020 KIA SONET,Verified Direct Seller,₹8.00 lakh,Timber and tasse Timber and tasse Nallagandla,"40,533 km",Diesel,Manual,TS-36,[]
https://www.cars24.com/buy-used-maruti-grand-vitara-2025-cars-hyderabad-10498071186/,2025 Maruti Grand Vitara,Verified Direct Seller,₹11.00 lakh,null Hyderabad Telangana,"15,709 km",Petrol,Manual,TG-08,[]
https://www.cars24.com/buy-used-maruti-grand-vitara-2025-cars-hyderabad-10462073155/,2025 Maruti Grand Vitara,Verified Direct Seller,₹13.00 lakh,Amruth Nilayam Humayun Nagar Hyderabad,"9,002 km",Petrol,Manual,TG-13,[]
https://www.cars24.com/buy-used-hyundai-verna-2024-cars-hyderabad-10440774155/,2024 Hyundai Verna,Verified Direct Seller,₹12.98 lakh,Gopanpalle Nallagandla Telangana,"18,103 km",Petrol,Manual,TG-08,[]
https://www.cars24.com/buy-used-tata-punch-2024-cars-hyderabad-10425978187/,2024 Tata PUNCH,Verified Direct Seller,₹7.50 lakh,Jagathgiri Gutta Hyderabad Telangana,"7,784 km",Petrol,Manual,TG-08,[]
https://www.cars24.com/buy-used-hyundai-venue-2020-cars-hyderabad-10413574119/,2020 Hyundai VENUE,Verified Direct Seller,₹7.46 lakh,Kukatpally Hyderabad Telangana,"52,094 km",Petrol,Manual,AP-39,[]
https://www.cars24.com/buy-used-mahindra-thar-2021-cars-hyderabad-10458299164/,2021 Mahindra Thar,Verified Direct Seller,₹10.50 lakh,Rd No 13 Banjara Hills Hyderabad,"61,000 km",Petrol,,TS-12,['Auto']
https://www.cars24.com/buy-used-hyundai-venue-2021-cars-hyderabad-10408778152/,2021 Hyundai VENUE,Verified Direct Seller,₹8.20 lakh,Mathrusree recidency Mathrusree recidency Hyderabad,"25,188 km",Petrol,Manual,TS-07,[]
https://www.cars24.com/buy-used-maruti-xl6-2022-cars-hyderabad-10437799129/,2022 Maruti XL6,Verified Direct Seller,₹9.80 lakh,Chanchalguda Hyderabad,"77,028 km",Petrol,Manual,TS-07,[]
https://www.cars24.com/buy-used-hyundai-venue-2021-cars-hyderabad-10487770114/,2021 Hyundai VENUE,Verified Direct Seller,₹8.58 lakh,Kishan Bagh Hyderabad Telangana,"40,668 km",Diesel,Manual,TS-05,[]
https://www.cars24.com/buy-used-tata-harrier-2022-cars-hyderabad-10458977182/,2022 Tata Harrier,Verified Direct Seller,₹15.72 lakh,Saroor Nagar East Hyderabad Telangana,"2,33,839 km",Diesel,Manual,TS-11,[]
https://www.cars24.com/buy-used-kia-seltos-2021-cars-hyderabad-10498570188/,2021 KIA SELTOS,Verified Direct Seller,₹9.90 lakh,IDA Kukatpally Kukatpally Hyderabad,"1,47,760 km",Diesel,Manual,TS-07,[]
https://www.cars24.com/buy-used-kia-sonet-2021-cars-hyderabad-10435379180/,2021 KIA SONET,Verified Direct Seller,₹8.00 lakh,Chandrayangutta Hyderabad,"1,03,706 km",Petrol,,TS-07,['Auto']
https://www.cars24.com/buy-used-kia-carens-2022-cars-hyderabad-10473671185/,2022 KIA CARENS,Verified Direct Seller,₹13.05 lakh,Mahakali temple Mahakali temple Secunderabad,"2,91,939 km",Diesel,Manual,TS-05,[]
https://www.cars24.com/buy-used-hyundai-venue-2021-cars-hyderabad-10443674152/,2021 Hyundai VENUE,Verified Direct Seller,₹6.50 lakh,Lane beside ratnadeep select JR SYMPHONY RESIDENCY Hyderabad,"68,600 km",Petrol,Manual,TS-07,[]
https://www.cars24.com/buy-used-tata-nexon-2021-cars-hyderabad-10498775170/,2021 Tata NEXON,Verified Direct Seller,₹8.30 lakh,Flat no 402/Ajay complex/Beside korukonda school/mayurinagar/miyapur Hyderabad,"51,383 km",Petrol,Manual,TS-07,[]
https://www.cars24.com/buy-used-kia-sonet-2022-cars-hyderabad-10408071184/,2022 KIA SONET,Verified Direct Seller,₹10.58 lakh,Narsingi Hyderabad Telangana,"34,786 km",Diesel,,TS-07,['Auto']
https://www.cars24.com/buy-used-hyundai-grand-i10-2017-cars-hyderabad-10464173151/,2017 Hyundai Grand i10,Verified Direct Seller,₹4.90 lakh,Madhapur Hyderabad Telangana,"14,979 km",Petrol,,TS-07,['Auto']
https://www.cars24.com/buy-used-nissan-magnite-2021-cars-hyderabad-10405768763/,2021 Nissan MAGNITE,Verified Direct Seller,₹6.39 lakh,Nagole Hyderabad Telangana,"27,000 km",Petrol,Manual,TS-08,[]
https://www.cars24.com/buy-used-hyundai-venue-2021-cars-hyderabad-10482271189/,2021 Hyundai VENUE,Verified Direct Seller,₹7.50 lakh,Govt School Gatkesar Ghatkesar Telangana,"40,511 km",Petrol,Manual,TS-08,[]
https://www.cars24.com/buy-used-tata-nexon-2024-cars-hyderabad-10455474158/,2024 Tata NEXON,Verified Direct Seller,₹8.95 lakh,Beeramguda Ramachandrapuram Telangana,"23,882 km",Petrol,Manual,TG-15,[]
https://www.cars24.com/buy-used-honda-amaze-2019-cars-hyderabad-10422679156/,2019 Honda Amaze,Verified Direct Seller,₹6.15 lakh,Hyderabad Gandamguda Telangana,"32,039 km",Petrol,,TS-11,['Auto']
https://www.cars24.com/buy-used-tata-curvv-2025-cars-hyderabad-10417672183/,2025 Tata Curvv,Verified Direct Seller,₹16.00 lakh,Narsingi Hyderabad Telangana,"28,222 km",Diesel,,TG-07,['Auto']
https://www.cars24.com/buy-used-kia-carens-2022-cars-hyderabad-10423973186/,2022 KIA CARENS,Verified Direct Seller,₹11.30 lakh,Manchirevula Rangareddy Narsingi,"75,061 km",Diesel,Manual,TS-07,[]
https://www.cars24.com/buy-used-kia-seltos-2023-cars-hyderabad-10423278181/,2023 KIA SELTOS,Verified Direct Seller,₹16.50 lakh,Ibrahim Bagh Hyderabad Telangana,"71,514 km",Diesel,,TS-09,['Auto']
https://www.cars24.com/buy-used-tata-nexon-2023-cars-hyderabad-10433374153/,2023 Tata NEXON,Verified Direct Seller,₹11.00 lakh,Nizampet Hyderabad Telangana,"26,790 km",Petrol,,TS-08,['Auto']
https://www.cars24.com/buy-used-mahindra-xuv700-2021-cars-hyderabad-10428575153/,2021 Mahindra XUV700,Verified Direct Seller,₹16.53 lakh,Moosapet Hyderabad Telangana,"32,510 km",Petrol,,TS-08,['Auto']
https://www.cars24.com/buy-used-ford-ecosport-2019-cars-hyderabad-10481879115/,2019 Ford Ecosport,Verified Direct Seller,₹5.50 lakh,Nizampet Hyderabad Telangana,"77,917 km",Petrol,Manual,TS-13,[]
https://www.cars24.com/buy-used-maruti-vitara-brezza-2021-cars-hyderabad-10418172155/,2021 Maruti Vitara Brezza,Verified Direct Seller,₹8.00 lakh,Hyderabad Hyderabad Hyderabad,"29,234 km",Petrol,Manual,TS-07,[]
https://www.cars24.com/buy-used-kia-sonet-2021-cars-hyderabad-10459973187/,2021 KIA SONET,Verified Direct Seller,₹7.00 lakh,Ameerpet Hyderabad,"75,861 km",Petrol,Manual,TS-08,[]
https://www.cars24.com/buy-used-renault-triber-2020-cars-hyderabad-10497573154/,2020 Renault TRIBER,Verified Direct Seller,₹5.90 lakh,Thirumalahills Sheshadri Beside Goutham Model School Hyderabad,"49,701 km",Petrol,Manual,TS-08,[]
https://www.cars24.com/buy-used-kia-sonet-2021-cars-hyderabad-10480378175/,2021 KIA SONET,Verified Direct Seller,₹7.25 lakh,"Divino Villas, Villa 47, Tellapur, Hyderabad","84,248 km",Petrol,Manual,TS-09,[]
https://www.cars24.com/buy-used-hyundai-new-i20-2023-cars-hyderabad-10421275156/,2023 Hyundai NEW I20,Verified Direct Seller,₹7.80 lakh,Chanda Nagar Hyderabad Telangana,"32,060 km",Petrol,Manual,TS-07,[]
https://www.cars24.com/buy-used-hyundai-grand-i10-nios-2021-cars-hyderabad-10454279181/,2021 Hyundai GRAND I10 NIOS,Verified Direct Seller,₹6.33 lakh,Moula Ali Hyderabad Telangana,"27,910 km",Petrol,Manual,TS-08,[]
https://www.cars24.com/buy-used-honda-city-2016-cars-hyderabad-10403971183/,2016 Honda City,Verified Direct Seller,₹6.17 lakh,Canara Nagar Hyderabad Telangana,"50,336 km",Petrol,Manual,TS-08,[]
https://www.cars24.com/buy-used-hyundai-creta-2016-cars-hyderabad-10433174184/,2016 Hyundai Creta,Verified Direct Seller,₹8.50 lakh,Hafeezpet Hyderabad Telangana,"23,344 km",Petrol,Manual,TS-07,[]
https://www.cars24.com/buy-used-nissan-magnite-2023-cars-hyderabad-10442278151/,2023 Nissan MAGNITE,Verified Direct Seller,₹7.50 lakh,Kukatpally Hyderabad Telangana,"6,425 km",Petrol,Manual,TS-08,[]
https://www.cars24.com/buy-used-renault-triber-2020-cars-hyderabad-10444278113/,2020 Renault TRIBER,Verified Direct Seller,₹5.90 lakh,Sharadha Nagar Vanasthalipuram Telangana,"41,531 km",Petrol,Manual,AP-39,[]
https://www.cars24.com/buy-used-skoda-rapid-2019-cars-hyderabad-10484878154/,2019 Skoda Rapid,Verified Direct Seller,₹5.50 lakh,Hyderabad Secunderabad Telangana,"1,00,645 km",Petrol,,TS-07,['Auto']
https://www.cars24.com/buy-used-hyundai-venue-2022-cars-hyderabad-10498173187/,2022 Hyundai VENUE,Verified Direct Seller,₹9.50 lakh,Miyapur Telangana India,"56,667 km",Diesel,Manual,TS-15,[]
https://www.cars24.com/buy-used-honda-city-2016-cars-hyderabad-10425475150/,2016 Honda City,Verified Direct Seller,₹6.68 lakh,Sikh Village Venkat Reddy Colony Secunderabad,"27,110 km",Petrol,,TS-10,['Auto']
https://www.cars24.com/buy-used-kia-sonet-2020-cars-hyderabad-10402576151/,2020 KIA SONET,Verified Direct Seller,₹7.50 lakh,jockey show room m r cars Hyderabad,"95,307 km",Diesel,,TS-13,['Auto']
https://www.cars24.com/buy-used-tata-safari-2024-cars-hyderabad-10494877181/,2024 Tata Safari,Verified Direct Seller,₹25.00 lakh,Hyderabad Nallagandla Telangana,"6,212 km",Diesel,,TG-07,['Auto']
https://www.cars24.com/buy-used-tata-punch-2023-cars-hyderabad-10475274182/,2023 Tata PUNCH,Verified Direct Seller,₹7.60 lakh,Hyderabad Telangana - Hyderabad,"21,304 km",Petrol,,TS-07,['Auto']
https://www.cars24.com/buy-used-hyundai-grand-i10-2015-cars-hyderabad-10444876157/,2015 Hyundai Grand i10,Verified Direct Seller,₹3.27 lakh,Balanagar Hyderabad Telangana,"90,880 km",Diesel,Manual,TS-08,[]
https://www.cars24.com/buy-used-kia-seltos-2020-cars-hyderabad-10429577189/,2020 KIA SELTOS,Verified Direct Seller,₹10.00 lakh,Banjara Hills Hyderabad Telangana,"67,876 km",Petrol,,TS-10,['Auto']
https://www.cars24.com/buy-used-hyundai-venue-2020-cars-hyderabad-10427178155/,2020 Hyundai VENUE,Verified Direct Seller,₹7.00 lakh,Malkajgiri Secunderabad Telangana,"19,064 km",Petrol,Manual,TS-08,[]
https://www.cars24.com/buy-used-maruti-vitara-brezza-2021-cars-hyderabad-10411875182/,2021 Maruti Vitara Brezza,Verified Direct Seller,₹8.27 lakh,Miyapur Hyderabad Telangana,"57,407 km",Petrol,Manual,TS-08,[]
https://www.cars24.com/buy-used-mg-hector-2021-cars-hyderabad-10425279187/,2021 MG HECTOR,Verified Direct Seller,₹14.80 lakh,Kukatpally Hyderabad Telangana,"67,895 km",Petrol,Manual,TS-07,[]
https://www.cars24.com/buy-used-honda-brio-2015-cars-hyderabad-10483076187/,2015 Honda Brio,Verified Direct Seller,₹3.40 lakh,Mathaji nagar near: nalla pochamma temple begumpet Hyderabad,"55,851 km",Petrol,Manual,TS-10,[]
https://www.cars24.com/buy-used-tata-nexon-2024-cars-hyderabad-10414178191/,2024 Tata NEXON,Verified Direct Seller,₹12.00 lakh,Bachupally Medchal-Malkajgiri Hyderabad,"32,757 km",Diesel,Manual,TG-07,[]
https://www.cars24.com/buy-used-mahindra-thar-2023-cars-hyderabad-10409172181/,2023 Mahindra Thar,Verified Direct Seller,₹16.50 lakh,Hayathnagar_Khalsa Hyderabad Telangana,"39,304 km",Diesel,,TS-07,['Auto']
https://www.cars24.com/buy-used-honda-amaze-2022-cars-hyderabad-10431279189/,2022 Honda Amaze,Verified Direct Seller,₹7.23 lakh,Erragadda Hyderabad Telangana,"58,620 km",Petrol,,TS-09,['Auto']
https://www.cars24.com/buy-used-honda-city-2023-cars-hyderabad-10447073185/,2023 Honda City,Verified Direct Seller,₹13.50 lakh,"The Nest 1 apartments, flat no. 501 Kondapur hyderabad Hyderabad","25,321 km",Petrol,Manual,TS-03,[]
https://www.cars24.com/buy-used-hyundai-elite-i20-2019-cars-hyderabad-10483077186/,2019 Hyundai Elite i20,Verified Direct Seller,₹6.80 lakh,New Vasavi nagar New Vasavi nagar Secunderabad,"70,612 km",Diesel,Manual,TS-08,[]
https://www.cars24.com/buy-used-kia-sonet-2022-cars-hyderabad-10453576181/,2022 KIA SONET,Verified Direct Seller,₹9.00 lakh,Sogbowli Telangana India,"64,381 km",Petrol,Manual,TS-13,[]
https://www.cars24.com/buy-used-kia-seltos-2025-cars-hyderabad-10458374180/,2025 KIA SELTOS,Verified Direct Seller,₹14.16 lakh,null Hyderabad Telangana,"41,860 km",Diesel,Manual,TG-09,[]
https://www.cars24.com/buy-used-volkswagen-ameo-2018-cars-hyderabad-10404075178/,2018 Volkswagen Ameo,Verified Direct Seller,₹4.10 lakh,Akulas building Akulas building Turkayamjal,"80,645 km",Petrol,Manual,TS-09,[]
https://www.cars24.com/buy-used-tata-nexon-2023-cars-hyderabad-10437379173/,2023 Tata NEXON,Verified Direct Seller,₹7.28 lakh,Nizampet Hyderabad Telangana,"46,523 km",Petrol,Manual,AP-40,[]
https://www.cars24.com/buy-used-tata-nexon-2024-cars-hyderabad-10484277113/,2024 Tata NEXON,Verified Direct Seller,₹7.65 lakh,Aarzoo heights Aarzoo heights Hyderabad,"12,551 km",Petrol,Manual,AP-40,[]
https://www.cars24.com/buy-used-mahindra-thar-2022-cars-hyderabad-10463493127/,2022 Mahindra Thar,Verified Direct Seller,₹14.00 lakh,Lanco Hills Rd Behind Delhi Public School Hyderabad,"25,995 km",Petrol,,TS-07,['Auto']
https://www.cars24.com/buy-used-mahindra-xuv700-2022-cars-hyderabad-10494473185/,2022 Mahindra XUV700,Verified Direct Seller,₹17.71 lakh,New Malakpet Hyderabad Telangana,"60,960 km",Diesel,,TS-11,['Auto']
https://www.cars24.com/buy-used-tata-tiago-nrg-2022-cars-hyderabad-10498679153/,2022 Tata TIAGO NRG,Verified Direct Seller,₹5.45 lakh,Meenakshi height Meenakshi height Hyderabad,"24,295 km",Petrol,,TS-08,['Auto']
https://www.cars24.com/buy-used-mahindra-xuv500-2018-cars-hyderabad-10484075157/,2018 Mahindra XUV500,Verified Direct Seller,₹11.60 lakh,Vaishnavi vintage apartment Vaishnavi vintage apartment Secunderabad,"97,317 km",Diesel,,TS-08,['Auto']
https://www.cars24.com/buy-used-tata-altroz-2021-cars-hyderabad-10451572112/,2021 Tata ALTROZ,Verified Direct Seller,₹5.80 lakh,JeedImetla Hyderabad Telangana,"49,429 km",Petrol,Manual,TS-15,[]
https://www.cars24.com/buy-used-hyundai-creta-2023-cars-hyderabad-10449878153/,2023 Hyundai Creta,Verified Direct Seller,₹10.80 lakh,Moosapet Moosapet Hyderabad,"16,120 km",Petrol,Manual,AP-40,[]
https://www.cars24.com/buy-used-hyundai-creta-2022-cars-hyderabad-10422179184/,2022 Hyundai Creta,Verified Direct Seller,₹16.50 lakh,Gachibowli Hyderabad Telangana,"66,677 km",Diesel,Manual,TS-07,[]
https://www.cars24.com/buy-used-skoda-rapid-2018-cars-hyderabad-10441670159/,2018 Skoda Rapid,Verified Direct Seller,₹5.01 lakh,Gulmohar Park Colony Lingampally Telangana,"82,565 km",Petrol,Manual,TS-15,[]
https://www.cars24.com/buy-used-honda-amaze-2020-cars-hyderabad-10405176185/,2020 Honda Amaze,Verified Direct Seller,₹5.96 lakh,Ramachandrapuram Hyderabad Telangana,"72,501 km",Petrol,,AP-39,['Auto']
https://www.cars24.com/buy-used-tata-nexon-2025-cars-hyderabad-10464195162/,2025 Tata NEXON,Verified Direct Seller,₹11.00 lakh,Sri Balaji Layout Tatva global school Hyderabad,"25,845 km",Diesel,,TG-08,['Auto']
https://www.cars24.com/buy-used-tata-nexon-2025-cars-hyderabad-10470398163/,2025 Tata NEXON,Verified Direct Seller,₹11.00 lakh,Badangpet Ranga Reddy district Badangpet Ranga Reddy district Badangpet,"8,935 km",Petrol,Manual,TG-07,[]
https://www.cars24.com/buy-used-tata-nexon-2025-cars-hyderabad-10459676191/,2025 Tata NEXON,Verified Direct Seller,₹12.77 lakh,Hydershakote Gandamguda Telangana,"16,163 km",Diesel,,TG-07,['Auto']
https://www.cars24.com/buy-used-tata-nexon-2025-cars-hyderabad-10491271178/,2025 Tata NEXON,Verified Direct Seller,₹10.80 lakh,Madhura Nagar Colony Kfc 3rd right road 3rd building Ramachandrapuram,"2,300 km",Petrol,,TG-15,['Auto']
https://www.cars24.com/buy-used-mahindra-xuv700-2022-cars-hyderabad-10498773159/,2022 Mahindra XUV700,Verified Direct Seller,₹17.00 lakh,Nanakramguda Hyderabad Telangana,"33,168 km",Petrol,,TS-08,['Auto']
https://www.cars24.com/buy-used-maruti-grand-vitara-2024-cars-hyderabad-10463871151/,2024 Maruti Grand Vitara,Verified Direct Seller,₹11.00 lakh,Gajualramram Gajualramram Hyderabad,"31,259 km",Petrol,Manual,KA-50,[]
https://www.cars24.com/buy-used-maruti-fronx-2024-cars-hyderabad-10464077150/,2024 Maruti FRONX,Verified Direct Seller,₹7.40 lakh,Tirumalesh Tirumalesh Hyderabad,"41,842 km",Petrol,Manual,TG-07,[]
https://www.cars24.com/buy-used-mahindra-thar-2023-cars-hyderabad-10480074150/,2023 Mahindra Thar,Verified Direct Seller,₹12.00 lakh,Nadargul Telangana India,"68,914 km",Diesel,Manual,TS-09,[]
https://www.cars24.com/buy-used-maruti-vitara-brezza-2021-cars-hyderabad-10431673180/,2021 Maruti Vitara Brezza,Verified Direct Seller,₹7.50 lakh,Hitech City Hyderabad Telangana,"59,779 km",Petrol,Manual,TS-08,[]
https://www.cars24.com/buy-used-maruti-brezza-2025-cars-hyderabad-10428574156/,2025 Maruti BREZZA,Verified Direct Seller,₹11.00 lakh,Hyderabad Ramachandrapuram Telangana,"4,070 km",Petrol,Manual,TG-15,[]
https://www.cars24.com/buy-used-maruti-baleno-2024-cars-hyderabad-10408079159/,2024 Maruti Baleno,Verified Direct Seller,₹9.10 lakh,AS Rao Nagar Secunderabad Telangana,"27,710 km",Petrol,Manual,TG-08,[]
https://www.cars24.com/buy-used-mahindra-xuv500-2017-cars-hyderabad-10450077176/,2017 Mahindra XUV500,Verified Direct Seller,₹5.23 lakh,Swarna arcade Swarna arcade Hyderabad,"93,908 km",Diesel,,,"['Auto', 'DL-8C']"
https://www.cars24.com/buy-used-hyundai-venue-2020-cars-hyderabad-10435376189/,2020 Hyundai VENUE,Verified Direct Seller,₹7.30 lakh,Ameenpur 505 Narendra Nagar Colony,"1,22,343 km",Diesel,Manual,TS-15,[]
https://www.cars24.com/buy-used-honda-elevate-2024-cars-hyderabad-10423278183/,2024 Honda ELEVATE,Verified Direct Seller,₹14.70 lakh,Kompally Hyderabad Telangana,"24,329 km",Petrol,Manual,TG-08,[]
https://www.cars24.com/buy-used-tata-altroz-2021-cars-hyderabad-10482475158/,2021 Tata ALTROZ,Verified Direct Seller,₹5.40 lakh,Secunderabad Hyderabad Telangana,"56,424 km",Petrol,Manual,TS-10,[]
https://www.cars24.com/buy-used-nissan-kicks-2019-cars-hyderabad-10492476157/,2019 Nissan Kicks,Verified Direct Seller,₹7.10 lakh,MIG-70 Huda Colony Main Road Bhagyalaxmi Colony,"38,539 km",Diesel,Manual,TS-07,[]
https://www.cars24.com/buy-used-honda-city-2016-cars-hyderabad-10468678189/,2016 Honda City,Verified Direct Seller,₹6.70 lakh,Kokapet Hyderabad Telangana,"61,437 km",Petrol,,AP-31,['Auto']
https://www.cars24.com/buy-used-toyota-etios-2015-cars-hyderabad-10464474151/,2015 Toyota Etios,Verified Direct Seller,₹2.50 lakh,Chandrayangutta Hyderabad Telangana,1 km,Diesel,Manual,TG-12,[]
https://www.cars24.com/buy-used-maruti-ertiga-2022-cars-hyderabad-10402179157/,2022 Maruti Ertiga,Verified Direct Seller,₹10.80 lakh,Tirumalagiri Hyderabad Telangana,"11,471 km",CNG,Manual,TS-10,[]
https://www.cars24.com/buy-used-mahindra-marazzo-2019-cars-hyderabad-10435277153/,2019 Mahindra MARAZZO,Verified Direct Seller,₹5.48 lakh,ipar naaram rajendra nagar Hyderabad Telangana,"1,85,637 km",Diesel,Manual,TS-07,[]
https://www.cars24.com/buy-used-maruti-ertiga-2023-cars-hyderabad-10417371155/,2023 Maruti Ertiga,Verified Direct Seller,₹10.25 lakh,Eastend Colony Behind libdon villas Hyderabad,"18,173 km",Petrol,Manual,TS-07,[]
https://www.cars24.com/buy-used-honda-city-2018-cars-hyderabad-10427474183/,2018 Honda City,Verified Direct Seller,₹6.50 lakh,Radha Krishna Nagar Hyderabad Telangana,"1,21,657 km",Diesel,Manual,TS-07,[]
https://www.cars24.com/buy-used-hyundai-creta-2016-cars-hyderabad-10443479154/,2016 Hyundai Creta,Verified Direct Seller,₹7.10 lakh,Secunderabad Hyderabad Telangana,"95,636 km",Diesel,Manual,TS-10,[]
https://www.cars24.com/buy-used-maruti-ertiga-2017-cars-hyderabad-10480873156/,2017 Maruti Ertiga,Verified Direct Seller,₹8.60 lakh,Sri Ram Hills Colony Near nagarjuna school Hyderabad,"1,20,176 km",Diesel,Manual,TS-07,[]
https://www.cars24.com/buy-used-skoda-slavia-2022-cars-hyderabad-10475776181/,2022 Skoda SLAVIA,Verified Direct Seller,₹13.64 lakh,Hyderabad Telangana India,"45,222 km",Petrol,,TS-21,['Auto']
https://www.cars24.com/buy-used-maruti-ertiga-2019-cars-hyderabad-10421274183/,2019 Maruti Ertiga,Verified Direct Seller,₹9.70 lakh,Balanagar Hyderabad Telangana,"51,032 km",Diesel,Manual,TS-08,[]
https://www.cars24.com/buy-used-mahindra-tuv300-2017-cars-hyderabad-10461771157/,2017 Mahindra TUV300,Verified Direct Seller,₹5.25 lakh,Himagiri Nagar Himagiri Nagar Bandlaguda Jagir,"64,446 km",Diesel,Manual,TS-07,[]
https://www.cars24.com/buy-used-kia-seltos-2020-cars-hyderabad-10419076180/,2020 KIA SELTOS,Verified Direct Seller,₹9.85 lakh,Kukatpally Hyderabad Telangana,"18,243 km",Petrol,Manual,TS-08,[]
https://www.cars24.com/buy-used-honda-amaze-2019-cars-hyderabad-10402877150/,2019 Honda Amaze,Verified Direct Seller,₹5.80 lakh,Shamshabad Hyderabad,"1,47,400 km",Diesel,,TS-07,['Auto']
https://www.cars24.com/buy-used-kia-carens-2022-cars-hyderabad-10430974154/,2022 KIA CARENS,Verified Direct Seller,₹8.50 lakh,KPHB Phase 2 Kukatpally Housing Board Colony Hyderabad,"1,00,497 km",Petrol,Manual,AP-39,[]
https://www.cars24.com/buy-used-honda-city-2017-cars-hyderabad-10427471180/,2017 Honda City,Verified Direct Seller,₹5.03 lakh,Beside mamss Miyapur Telangana,"1,09,719 km",Petrol,,TS-09,['Auto']
https://www.cars24.com/buy-used-mg-astor-2021-cars-hyderabad-10461372182/,2021 MG ASTOR,Verified Direct Seller,₹12.00 lakh,Hyderabad Telangana India,"36,595 km",Petrol,,TS-10,['Auto']
https://www.cars24.com/buy-used-hyundai-verna-2016-cars-hyderabad-10496878157/,2016 Hyundai Verna,Verified Direct Seller,₹5.90 lakh,Madeenaguda Hyderabad Telangana,"90,017 km",Diesel,Manual,TS-07,[]
https://www.cars24.com/buy-used-tata-punch-2022-cars-hyderabad-10410675151/,2022 Tata PUNCH,Verified Direct Seller,₹6.65 lakh,Dammaiguda Secunderabad Telangana,"11,754 km",Petrol,Manual,TS-08,[]
https://www.cars24.com/buy-used-hyundai-creta-2020-cars-hyderabad-10441679152/,2020 Hyundai Creta,Verified Direct Seller,₹9.00 lakh,West Marredpally Secunderabad Telangana,"76,769 km",Petrol,Manual,AP-39,[]
https://www.cars24.com/buy-used-volkswagen-polo-2018-cars-hyderabad-10434870186/,2018 Volkswagen Polo,Verified Direct Seller,₹5.20 lakh,Beside mamad Miyapur Telangana,"54,965 km",Petrol,Manual,AP-31,[]
https://www.cars24.com/buy-used-maruti-baleno-2018-cars-hyderabad-10469278185/,2018 Maruti Baleno,Verified Direct Seller,₹5.20 lakh,Bolligudem Health care pharmacy Hyderabad,"80,767 km",Diesel,Manual,TS-08,[]
https://www.cars24.com/buy-used-mahindra-xuv500-2016-cars-hyderabad-10433974182/,2016 Mahindra XUV500,Verified Direct Seller,₹6.06 lakh,Vignanapuri Teachers Colony Near hanuman temple Hyderabad,"1,48,859 km",Diesel,Manual,TS-11,[]
https://www.cars24.com/buy-used-maruti-fronx-2024-cars-hyderabad-10447077178/,2024 Maruti FRONX,Verified Direct Seller,₹9.20 lakh,ida kattedan Harsh bakers K.V.Rangareddy,"14,784 km",Petrol,,TG-12,['Auto']
https://www.cars24.com/buy-used-nissan-kicks-2019-cars-hyderabad-10469872150/,2019 Nissan Kicks,Verified Direct Seller,₹6.80 lakh,Sri Aurobindo Colony Miyapur Telangana,"83,906 km",Diesel,Manual,TS-08,[]
https://www.cars24.com/buy-used-mg-hector-2023-cars-hyderabad-10482675182/,2023 MG HECTOR,Verified Direct Seller,₹19.50 lakh,Chanda Nagar Hyderabad Telangana,"56,349 km",Petrol,,TS-07,['Auto']
https://www.cars24.com/buy-used-tata-tiago-2025-cars-hyderabad-10469777187/,2025 Tata Tiago,Verified Direct Seller,₹6.25 lakh,Kothaguda Hyderabad Telangana,"12,581 km",Petrol,,TG-07,['Auto']
https://www.cars24.com/buy-used-ford-ecosport-2017-cars-hyderabad-10425877184/,2017 Ford Ecosport,Verified Direct Seller,₹5.50 lakh,Gudimalkapur Hyderabad Telangana,"90,944 km",Diesel,Manual,TS-10,[]
https://www.cars24.com/buy-used-toyota-glanza-2019-cars-hyderabad-10486470153/,2019 Toyota Glanza,Verified Direct Seller,₹5.20 lakh,B.N Reddy Nagar Hyderabad Telangana,"1,20,534 km",Petrol,Manual,TS-09,[]
https://www.cars24.com/buy-used-volkswagen-polo-2016-cars-hyderabad-10423871184/,2016 Volkswagen Polo,Verified Direct Seller,₹4.00 lakh,Khaiaratabad Khaiaratabad Hyderabad,"2,54,898 km",Diesel,Manual,TS-09,[]
https://www.cars24.com/buy-used-hyundai-creta-2016-cars-hyderabad-10432179187/,2016 Hyundai Creta,Verified Direct Seller,₹7.80 lakh,Gachibowli Hyderabad Telangana,"1,08,314 km",Diesel,Manual,TS-09,[]
https://www.cars24.com/buy-used-mg-hector-2021-cars-hyderabad-10425376152/,2021 MG HECTOR,Verified Direct Seller,₹12.50 lakh,Bachupally Hyderabad Hyderabad,"6,763 km",Petrol,,TS-07,['Auto']
https://www.cars24.com/buy-used-tata-safari-2021-cars-hyderabad-10462276151/,2021 Tata Safari,Verified Direct Seller,₹17.30 lakh,India Hitech City Hyderabad Telangana,"1,21,453 km",Diesel,,AP-39,['Auto']
https://www.cars24.com/buy-used-kia-sonet-2023-cars-hyderabad-10401574188/,2023 KIA SONET,Verified Direct Seller,₹8.99 lakh,Gundlapochampally Hyderabad Telangana,"89,077 km",Petrol,,TS-08,['Auto']
https://www.cars24.com/buy-used-maruti-ciaz-2020-cars-hyderabad-10407074183/,2020 Maruti Ciaz,Verified Direct Seller,₹6.30 lakh,Subhash Nagar Subhash Nagar Hyderabad,"1,04,595 km",Petrol,Manual,TS-08,[]
https://www.cars24.com/buy-used-maruti-celerio-2022-cars-hyderabad-10436778117/,2022 Maruti Celerio,Verified Direct Seller,₹5.67 lakh,Gayathri hills Gayathri hills Badangpet,"21,225 km",Petrol,,TS-07,['Auto']
https://www.cars24.com/buy-used-skoda-octavia-2015-cars-hyderabad-10472077186/,2015 Skoda Octavia,Verified Direct Seller,₹5.55 lakh,Balkampet Hyderabad Telangana,"1,17,064 km",Petrol,,TS-07,['Auto']
https://www.cars24.com/buy-used-maruti-grand-vitara-2023-cars-hyderabad-10441871153/,2023 Maruti Grand Vitara,Verified Direct Seller,₹11.50 lakh,Samhithas Chandra Vihar Vivekananda Nagar Hyderabad,"63,546 km",Petrol,,TS-02,['Auto']
https://www.cars24.com/buy-used-maruti-grand-vitara-2023-cars-hyderabad-10473771159/,2023 Maruti Grand Vitara,Verified Direct Seller,₹10.20 lakh,Kompally Hyderabad Telangana,"49,812 km",Petrol,Manual,TS-08,[]
https://www.cars24.com/buy-used-tata-nexon-2025-cars-hyderabad-10458677173/,2025 Tata NEXON,Verified Direct Seller,₹10.00 lakh,Royal Colony Attapur Upperpally,"47,303 km",Petrol,Manual,TG-07,[]
https://www.cars24.com/buy-used-jeep-compass-2017-cars-hyderabad-10497372184/,2017 Jeep Compass,Verified Direct Seller,₹9.30 lakh,PBEL city J block PBEL city J block Hyderabad,"1,78,584 km",Diesel,Manual,KA-04,[]
https://www.cars24.com/buy-used-hyundai-grand-i10-2014-cars-hyderabad-10493271157/,2014 Hyundai Grand i10,Verified Direct Seller,₹3.90 lakh,Hyderabad Telangana India,"64,058 km",Petrol,,TS-05,['Auto']
https://www.cars24.com/buy-used-maruti-baleno-2017-cars-hyderabad-10463779181/,2017 Maruti Baleno,Verified Direct Seller,₹5.50 lakh,Chandan bhawan Chandan bhawan Hyderabad,"70,961 km",Petrol,Manual,TS-09,[]
https://www.cars24.com/buy-used-jeep-compass-2019-cars-hyderabad-10400370152/,2019 Jeep Compass,Verified Direct Seller,₹7.50 lakh,Dih Upparpally Telangana,"52,590 km",Diesel,Manual,TS-07,[]
https://www.cars24.com/buy-used-jeep-compass-2018-cars-hyderabad-10481374152/,2018 Jeep Compass,Verified Direct Seller,₹7.90 lakh,Ambience Courtyard manikonda Pokalwada,"78,782 km",Petrol,,UP-78,['Auto']
https://www.cars24.com/buy-used-tata-nexon-2023-cars-hyderabad-10462165728/,2023 Tata NEXON,Verified Direct Seller,₹12.00 lakh,New Malakpet Hyderabad Telangana,"29,063 km",Diesel,Manual,TG-08,[]
https://www.cars24.com/buy-used-mg-astor-2022-cars-hyderabad-10489370188/,2022 MG ASTOR,Verified Direct Seller,₹11.50 lakh,Langar Houz Hyderabad Telangana,"44,943 km",Petrol,,TS-07,['Auto']
https://www.cars24.com/buy-used-renault-kiger-2022-cars-hyderabad-10411772112/,2022 Renault Kiger,Verified Direct Seller,₹5.43 lakh,Chanda Nagar Serilingampalle (M),"38,558 km",Petrol,Manual,,['22-BH']
https://www.cars24.com/buy-used-maruti-ciaz-2016-cars-hyderabad-10430174156/,2016 Maruti Ciaz,Verified Direct Seller,₹4.95 lakh,Hyderabad Telangana India,"85,474 km",Petrol,Manual,TS-07,[]
https://www.cars24.com/buy-used-mahindra-thar-2021-cars-hyderabad-10454170177/,2021 Mahindra Thar,Verified Direct Seller,₹9.50 lakh,Bowenpally Secunderabad Telangana,"54,956 km",Petrol,Manual,TS-08,[]
https://www.cars24.com/buy-used-honda-city-2014-cars-hyderabad-10406278156/,2014 Honda City,Verified Direct Seller,₹3.60 lakh,Na Na Manikonda,"1,24,482 km",Diesel,Manual,TS-13,[]
https://www.cars24.com/buy-used-honda-amaze-2014-cars-hyderabad-10478272182/,2014 Honda Amaze,Verified Direct Seller,₹3.08 lakh,Chanda Nagar Hyderabad Telangana,"1,56,576 km",Diesel,Manual,AP-28,[]
https://www.cars24.com/buy-used-hyundai-creta-2015-cars-hyderabad-10460373150/,2015 Hyundai Creta,Verified Direct Seller,₹6.50 lakh,Chaitanya Nagar Vivekananda Nagar Hyderabad,"97,268 km",Diesel,,TS-07,['Auto']
https://www.cars24.com/buy-used-hyundai-grand-i10-nios-2019-cars-hyderabad-10498876151/,2019 Hyundai GRAND I10 NIOS,Verified Direct Seller,₹4.78 lakh,Peerzadiguda Hyderabad Telangana,"57,521 km",Petrol,Manual,TS-10,[]
https://www.cars24.com/buy-used-maruti-baleno-2024-cars-hyderabad-10434278110/,2024 Maruti Baleno,Verified Direct Seller,₹6.50 lakh,Sri Ram nagar shamshiguda Hyderabad,"23,607 km",Petrol,Manual,TG-31,[]
https://www.cars24.com/buy-used-maruti-baleno-2018-cars-hyderabad-10493775181/,2018 Maruti Baleno,Verified Direct Seller,₹6.09 lakh,Gachibowli Hyderabad Telangana,"51,018 km",Petrol,Manual,TS-09,[]
https://www.cars24.com/buy-used-hyundai-verna-2023-cars-hyderabad-10437375119/,2023 Hyundai Verna,Verified Direct Seller,₹11.50 lakh,Janachaitanya colony Hyderabad Telangana,"37,384 km",Petrol,,TS-13,['Auto']
https://www.cars24.com/buy-used-hyundai-verna-2023-cars-hyderabad-10485593181/,2023 Hyundai Verna,Verified Direct Seller,₹12.00 lakh,D Block Gayathri Hills Apt Prashanthi Hills Colony Rangareddy K.V.Rangareddy,"39,796 km",Petrol,Manual,TS-13,[]
https://www.cars24.com/buy-used-skoda-rapid-2019-cars-hyderabad-10450673157/,2019 Skoda Rapid,Verified Direct Seller,₹6.70 lakh,Begumpet Hyderabad Telangana,"1,28,556 km",Diesel,Manual,TS-08,[]
https://www.cars24.com/buy-used-maruti-ertiga-2019-cars-hyderabad-10492878155/,2019 Maruti Ertiga,Verified Direct Seller,₹8.00 lakh,Balaji Nagar Hyderabad,"88,907 km",Petrol,Manual,TS-08,[]
https://www.cars24.com/buy-used-skoda-rapid-2021-cars-hyderabad-10402070153/,2021 Skoda Rapid,Verified Direct Seller,₹10.00 lakh,Behind Kotak Mahindra Bank Locality :- Kondapur K.V.Rangareddy,"65,001 km",Petrol,Manual,TS-07,[]
https://www.cars24.com/buy-used-hyundai-creta-2019-cars-hyderabad-10485974183/,2019 Hyundai Creta,Verified Direct Seller,₹8.41 lakh,Kokapet Hyderabad Telangana,"1,54,691 km",Diesel,Manual,TS-08,[]
https://www.cars24.com/buy-used-maruti-vitara-brezza-2019-cars-hyderabad-10450778159/,2019 Maruti Vitara Brezza,Verified Direct Seller,₹8.80 lakh,Sri krishna bhavan Sri krishna bhavan Hyderabad,"59,492 km",Diesel,,TS-08,['Auto']
https://www.cars24.com/buy-used-hyundai-i20-2013-cars-hyderabad-10416477154/,2013 Hyundai i20,Verified Direct Seller,₹2.20 lakh,Nagarjuna Colony Patancheruvu,"96,358 km",Diesel,Manual,AP-24,[]
https://www.cars24.com/buy-used-maruti-baleno-2016-cars-hyderabad-10425775157/,2016 Maruti Baleno,Verified Direct Seller,₹3.90 lakh,Prakash Nagar Lane beside Kims Sunshine hospital Hyderabad,"1,20,218 km",Petrol,Manual,TS-07,[]
https://www.cars24.com/buy-used-maruti-baleno-2020-cars-hyderabad-10495976183/,2020 Maruti Baleno,Verified Direct Seller,₹6.01 lakh,19-5-9 Bahadurpura Road APHB Conlony Bahadurpura West Hyderabad,"36,841 km",Petrol,Manual,TS-10,[]
https://www.cars24.com/buy-used-hyundai-i20-2012-cars-hyderabad-10436674174/,2012 Hyundai i20,Verified Direct Seller,₹2.60 lakh,Gachibowli Hyderabad Telangana,"92,225 km",Diesel,Manual,AP-09,[]
https://www.cars24.com/buy-used-hyundai-elite-i20-2015-cars-hyderabad-10432671185/,2015 Hyundai Elite i20,Verified Direct Seller,₹4.10 lakh,Karmanghat Karmanghat Hyderabad,"91,897 km",Diesel,Manual,TS-07,[]
https://www.cars24.com/buy-used-renault-kwid-2018-cars-hyderabad-10417470186/,2018 Renault Kwid,Verified Direct Seller,₹3.30 lakh,Sun City Bandlaguda Jagir Telangana,"73,057 km",Petrol,,TS-07,['Auto']
https://www.cars24.com/buy-used-mg-hector-plus-2022-cars-hyderabad-10428165730/,2022 MG HECTOR PLUS,Verified Direct Seller,₹15.80 lakh,Begumpet Hyderabad Telangana,"92,997 km",Diesel,Manual,TS-09,[]
https://www.cars24.com/buy-used-hyundai-venue-2023-cars-hyderabad-10478973186/,2023 Hyundai VENUE,Verified Direct Seller,₹9.90 lakh,VLR residency VLR residency Hyderabad,"26,133 km",Petrol,Manual,TS-07,[]
https://www.cars24.com/buy-used-tata-harrier-2021-cars-hyderabad-10430597163/,2021 Tata Harrier,Verified Direct Seller,₹11.27 lakh,Hyderabad Telangana India,"1,32,710 km",Diesel,Manual,UP-32,[]
https://www.cars24.com/buy-used-tata-nexon-2022-cars-hyderabad-10414107788/,2022 Tata NEXON,Verified Direct Seller,₹7.20 lakh,Ameenpur Miyapur Telangana,"61,045 km",Petrol,Manual,TS-07,[]
https://www.cars24.com/buy-used-mg-hector-2022-cars-hyderabad-10482372181/,2022 MG HECTOR,Verified Direct Seller,₹14.00 lakh,null,"42,793 km",Petrol,,TS-07,['Auto']
https://www.cars24.com/buy-used-maruti-celerio-2019-cars-hyderabad-10428073150/,2019 Maruti Celerio,Verified Direct Seller,₹4.09 lakh,Dahila Dahila Hyderabad,"1,06,000 km",Petrol,Manual,TS-07,[]
https://www.cars24.com/buy-used-tata-tiago-2018-cars-hyderabad-10467778115/,2018 Tata Tiago,Verified Direct Seller,₹4.17 lakh,Bachupally Medchal-Malkajgiri Hyderabad,"46,245 km",Petrol,,TS-08,['Auto']
https://www.cars24.com/buy-used-mahindra-tuv300-2017-cars-hyderabad-10478672154/,2017 Mahindra TUV300,Verified Direct Seller,₹5.30 lakh,Kompally Hyderabad Telangana,"1,37,948 km",Diesel,Manual,TS-08,[]
https://www.cars24.com/buy-used-honda-brio-2013-cars-hyderabad-10402279158/,2013 Honda Brio,Verified Direct Seller,₹2.20 lakh,K P H B Phase 3 Kukatpally Housing Board Colony Hyderabad,"88,238 km",Petrol,Manual,AP-09,[]
https://www.cars24.com/buy-used-tata-nexon-2023-cars-hyderabad-10438575195/,2023 Tata NEXON,Verified Direct Seller,₹8.50 lakh,Sreevens Tranquil homes 68 Vidyanagar Main Road Bandam Kommu Chanda Nagar Flat no 101 Medak,"36,500 km",Petrol,Manual,RJ-18,[]
https://www.cars24.com/buy-used-maruti-swift-2021-cars-hyderabad-10455871184/,2021 Maruti Swift,Verified Direct Seller,₹5.32 lakh,Tahsildar Office Alwal Tahsildar Office Alwal Hyderabad,"2,05,462 km",Petrol,Manual,TS-08,[]
https://www.cars24.com/buy-used-volkswagen-vento-2015-cars-hyderabad-10457976184/,2015 Volkswagen Vento,Verified Direct Seller,₹3.60 lakh,Kharmanghat Hyderabad Telangana,"1,54,796 km",Diesel,Manual,TS-09,[]
https://www.cars24.com/buy-used-tata-harrier-2021-cars-hyderabad-10406978152/,2021 Tata Harrier,Verified Direct Seller,₹16.10 lakh,Gachibowli Hyderabad Telangana,"65,202 km",Diesel,,TS-08,['Auto']
https://www.cars24.com/buy-used-nissan-magnite-2022-cars-hyderabad-10470870153/,2022 Nissan MAGNITE,Verified Direct Seller,₹6.10 lakh,Nagaram Secunderabad Telangana,"29,174 km",Petrol,Manual,TS-08,[]
https://www.cars24.com/buy-used-hyundai-elite-i20-2018-cars-hyderabad-10486279158/,2018 Hyundai Elite i20,Verified Direct Seller,₹5.98 lakh,Kompally Hyderabad Telangana,"82,443 km",Diesel,Manual,TS-10,[]
https://www.cars24.com/buy-used-renault-kwid-2017-cars-hyderabad-10492075150/,2017 Renault Kwid,Verified Direct Seller,₹2.30 lakh,Sangareddy Opp Madhu Constructions Ramachandrapuram (BHEL Township),"96,155 km",Petrol,Manual,AP-26,[]
https://www.cars24.com/buy-used-hyundai-creta-2015-cars-hyderabad-10498476156/,2015 Hyundai Creta,Verified Direct Seller,₹6.85 lakh,Kukatpally Hyderabad Telangana,"1,01,522 km",Diesel,Manual,TG-08,[]
https://www.cars24.com/buy-used-maruti-swift-2019-cars-hyderabad-10432970183/,2019 Maruti Swift,Verified Direct Seller,₹6.10 lakh,IDA Kukatpally Kukatpally Hyderabad,"87,264 km",Diesel,Manual,TS-10,[]
https://www.cars24.com/buy-used-mahindra-tuv300-2017-cars-hyderabad-10418178158/,2017 Mahindra TUV300,Verified Direct Seller,₹4.98 lakh,Bahadurpura Hyderabad,"1,04,824 km",Diesel,Manual,TS-07,[]
https://www.cars24.com/buy-used-tata-nexon-2021-cars-hyderabad-10453472153/,2021 Tata NEXON,Verified Direct Seller,₹7.80 lakh,Nizampet Hyderabad Telangana,"55,826 km",Petrol,,TS-08,['Auto']
https://www.cars24.com/buy-used-tata-nexon-2023-cars-hyderabad-10402177176/,2023 Tata NEXON,Verified Direct Seller,₹11.00 lakh,Eshwar Nagar Colony Moula Ali Hill Secunderabad,"34,379 km",Petrol,,TS-08,['Auto']
https://www.cars24.com/buy-used-tata-tiago-2025-cars-hyderabad-10421870187/,2025 Tata Tiago,Verified Direct Seller,₹8.10 lakh,Shivasai Colony Girija kirana and general store Hyderabad,"19,972 km",CNG,,TG-07,['Auto']
https://www.cars24.com/buy-used-kia-carens-clavis-2025-cars-hyderabad-10474275117/,2025 KIA Carens Clavis,Verified Direct Seller,₹18.00 lakh,Kukatpally Hyderabad Telangana,"19,869 km",Diesel,Manual,AP-40,[]
https://www.cars24.com/buy-used-hyundai-elite-i20-2016-cars-hyderabad-10493871188/,2016 Hyundai Elite i20,Verified Direct Seller,₹5.43 lakh,Hyderabad,"55,967 km",Petrol,Manual,TS-07,[]
https://www.cars24.com/buy-used-toyota-glanza-2019-cars-hyderabad-10444576153/,2019 Toyota Glanza,Verified Direct Seller,₹5.65 lakh,Gachibowli Hyderabad Telangana,"39,763 km",Petrol,,AP-39,['Auto']
https://www.cars24.com/buy-used-maruti-swift-dzire-2013-cars-hyderabad-10433379185/,2013 Maruti Swift Dzire,Verified Direct Seller,₹2.10 lakh,Gundlapochampally Hyderabad,"2,10,333 km",Petrol,Manual,HR-06,[]
https://www.cars24.com/buy-used-maruti-swift-2021-cars-hyderabad-10408477155/,2021 Maruti Swift,Verified Direct Seller,₹6.06 lakh,Hyderabad Narsingi Telangana,"42,990 km",Petrol,,TS-08,['Auto']
https://www.cars24.com/buy-used-kia-seltos-2024-cars-hyderabad-10441976113/,2024 KIA SELTOS,Verified Direct Seller,₹18.89 lakh,Hyderabad Miyapur Telangana,"24,659 km",Diesel,,TG-07,['Auto']
https://www.cars24.com/buy-used-hyundai-i20-2012-cars-hyderabad-10466274158/,2012 Hyundai i20,Verified Direct Seller,₹2.40 lakh,MADHURA NAGAR road 1 Opp to Smart kidsschool near Raghavendra Apts neredmet Hyderabad,"24,958 km",Petrol,Manual,AP-10,[]
https://www.cars24.com/buy-used-maruti-baleno-2017-cars-hyderabad-10436378170/,2017 Maruti Baleno,Verified Direct Seller,₹4.46 lakh,Svisha elegance Svisha elegance Hyderabad,"47,304 km",Diesel,Manual,TS-07,[]
https://www.cars24.com/buy-used-ford-ecosport-2015-cars-hyderabad-10486771170/,2015 Ford Ecosport,Verified Direct Seller,₹3.25 lakh,Ashoka ala maison phase 2 villa no 264 doolapally Telangana Doolapally Hyderabad Hyderabad,"89,683 km",Petrol,Manual,TS-07,[]
https://www.cars24.com/buy-used-nissan-terrano-2018-cars-hyderabad-10403372197/,2018 Nissan Terrano,Verified Direct Seller,₹5.80 lakh,Osman Nagar Hyderabad Telangana,"1,19,969 km",Diesel,Manual,AP-39,[]
https://www.cars24.com/buy-used-renault-kwid-2022-cars-hyderabad-10481176180/,2022 Renault Kwid,Verified Direct Seller,₹4.40 lakh,Kondapur Chirek school Hyderabad,"6,499 km",Petrol,,TG-07,['Auto']
https://www.cars24.com/buy-used-honda-city-2019-cars-hyderabad-10408699165/,2019 Honda City,Verified Direct Seller,₹5.50 lakh,Arrival Arrival Hyderabad,"64,432 km",Petrol,Manual,PY-04,[]
https://www.cars24.com/buy-used-nissan-magnite-2021-cars-hyderabad-10427170152/,2021 Nissan MAGNITE,Verified Direct Seller,₹6.10 lakh,Pragathi Nagar Sai Keerthi Layout Rajiv gruha kalpa road,"38,319 km",Petrol,Manual,TS-08,[]
https://www.cars24.com/buy-used-maruti-swift-2015-cars-hyderabad-10404478152/,2015 Maruti Swift,Verified Direct Seller,₹4.05 lakh,Nallagandla Hyderabad Telangana,"48,970 km",Petrol,Manual,TS-08,[]
https://www.cars24.com/buy-used-skoda-kushaq-2023-cars-hyderabad-10485695169/,2023 Skoda KUSHAQ,Verified Direct Seller,₹16.50 lakh,7004 janapriya nile valley pjr madhavpuri hills pattancheru mand. ameenpur medak hyderabad Hyderabad TELANGANA- Hyderabad,"18,669 km",Petrol,,TG-15,['Auto']
https://www.cars24.com/buy-used-hyundai-venue-2022-cars-hyderabad-10421875199/,2022 Hyundai VENUE,Verified Direct Seller,₹7.19 lakh,MSR boys hostel MSR boys hostel Hyderabad,"44,416 km",Petrol,Manual,AP-39,[]
https://www.cars24.com/buy-used-volkswagen-virtus-2024-cars-hyderabad-10426079171/,2024 Volkswagen VIRTUS,Verified Direct Seller,₹12.50 lakh,Bachupally Medchal-Malkajgiri Hyderabad,"36,845 km",Petrol,,AP-40,['Auto']
https://www.cars24.com/buy-used-ford-figo-aspire-2015-cars-hyderabad-10403773182/,2015 Ford Figo Aspire,Verified Direct Seller,₹3.40 lakh,Kukatpally Hyderabad Telangana,"1,15,911 km",Diesel,Manual,TS-07,[]
https://www.cars24.com/buy-used-maruti-wagon-r-1.0-2014-cars-hyderabad-10438576180/,2014 Maruti Wagon R 1.0,Verified Direct Seller,₹2.30 lakh,Hyderabad Telangana India,"1,07,078 km",Petrol,Manual,TS-07,[]
https://www.cars24.com/buy-used-hyundai-verna-2014-cars-hyderabad-10438976158/,2014 Hyundai Verna,Verified Direct Seller,₹4.20 lakh,Tellapur Hyderabad Telangana,"61,086 km",Petrol,,TS-07,['Auto']
https://www.cars24.com/buy-used-maruti-alto-2021-cars-hyderabad-10413071186/,2021 Maruti Alto,Verified Direct Seller,₹3.78 lakh,Phase 4 Sangareddy Patelguda,"53,215 km",CNG,Manual,TS-07,[]
https://www.cars24.com/buy-used-maruti-baleno-2019-cars-hyderabad-10497671183/,2019 Maruti Baleno,Verified Direct Seller,₹5.80 lakh,"MAULANA AZAD NATIONAL URDU UNIVERSITY, Hyderabad, Telangana MAULANA AZAD NATIONAL URDU UNIVERSITY Hyderabad","51,381 km",Petrol,Manual,TS-09,[]
https://www.cars24.com/buy-used-nissan-magnite-2022-cars-hyderabad-10448790163/,2022 Nissan MAGNITE,Verified Direct Seller,₹6.90 lakh,Bachupally Medchal-Malkajgiri Hyderabad,"50,240 km",Petrol,,TS-09,['Auto']
https://www.cars24.com/buy-used-hyundai-grand-i10-2015-cars-hyderabad-10431074182/,2015 Hyundai Grand i10,Verified Direct Seller,₹2.40 lakh,Jackie Enclave Jackie Enclave Hyderabad,"1,10,758 km",Petrol,Manual,AS-01,[]
https://www.cars24.com/buy-used-hyundai-verna-2014-cars-hyderabad-10446975116/,2014 Hyundai Verna,Verified Direct Seller,₹4.33 lakh,Same Same Hyderabad,"79,665 km",Diesel,Manual,TS-09,[]
https://www.cars24.com/buy-used-maruti-alto-800-2018-cars-hyderabad-10460379185/,2018 Maruti Alto 800,Verified Direct Seller,₹2.77 lakh,Kamalaprasad Nagar Hyderabad Telangana,"63,415 km",Petrol,Manual,TS-08,[]
https://www.cars24.com/buy-used-renault-kiger-2022-cars-hyderabad-10478676150/,2022 Renault Kiger,Verified Direct Seller,₹6.55 lakh,Miyapur Hyderabad Telangana,"33,919 km",Petrol,,TS-07,['Auto']
https://www.cars24.com/buy-used-tata-nexon-2023-cars-hyderabad-10438799161/,2023 Tata NEXON,Verified Direct Seller,₹8.22 lakh,Secretariat Secretariat Hyderabad,"13,146 km",Petrol,,TS-09,['Auto']
https://www.cars24.com/buy-used-tata-nexon-2023-cars-hyderabad-10455495164/,2023 Tata NEXON,Verified Direct Seller,₹8.50 lakh,Lanco Hills Hyderabad,"16,109 km",Petrol,,TS-07,['Auto']
https://www.cars24.com/buy-used-tata-nexon-2022-cars-hyderabad-10416398168/,2022 Tata NEXON,Verified Direct Seller,₹7.30 lakh,8-1-14/20 Padma Enclave; Karmanghat K.V.Rangareddy,"37,490 km",Petrol,,TS-07,['Auto']
https://www.cars24.com/buy-used-maruti-swift-2022-cars-hyderabad-10418878183/,2022 Maruti Swift,Verified Direct Seller,₹5.31 lakh,Erragadda Hyderabad Telangana,"51,809 km",Petrol,Manual,TS-15,[]
https://www.cars24.com/buy-used-maruti-swift-2021-cars-hyderabad-10460074155/,2021 Maruti Swift,Verified Direct Seller,₹5.70 lakh,Jahanuma Jahanuma Hyderabad,"22,949 km",Petrol,Manual,TS-12,[]
https://www.cars24.com/buy-used-tata-nexon-2022-cars-hyderabad-10418579110/,2022 Tata NEXON,Verified Direct Seller,₹7.60 lakh,"1645 , kovuri mahadev homes , pragathi Nagar , Kukatpally","28,831 km",Petrol,Manual,TS-07,[]
https://www.cars24.com/buy-used-nissan-magnite-2022-cars-hyderabad-10447977175/,2022 Nissan MAGNITE,Verified Direct Seller,₹5.30 lakh,Hyderabad Narsingi Telangana,"35,000 km",Petrol,Manual,AP-39,[]
https://www.cars24.com/buy-used-tata-tiago-2017-cars-hyderabad-10488873154/,2017 Tata Tiago,Verified Direct Seller,₹3.50 lakh,Huda Colony Behind lic building Hyderabad,"54,410 km",Petrol,Manual,TS-13,[]
https://www.cars24.com/buy-used-tata-nexon-2020-cars-hyderabad-10494579176/,2020 Tata NEXON,Verified Direct Seller,₹6.00 lakh,Kokapet Kokapet,"28,924 km",Petrol,,TS-07,['Auto']
https://www.cars24.com/buy-used-tata-nexon-2022-cars-hyderabad-10464377153/,2022 Tata NEXON,Verified Direct Seller,₹9.00 lakh,531/531A Mathrusree Nagar Hyderabad,"1,15,755 km",Diesel,,TS-07,['Auto']
https://www.cars24.com/buy-used-tata-nexon-2020-cars-hyderabad-10457075117/,2020 Tata NEXON,Verified Direct Seller,₹5.80 lakh,Shirdi Sai Nagar Hyderabad,"40,279 km",Petrol,Manual,TS-08,[]
https://www.cars24.com/buy-used-maruti-alto-800-2015-cars-hyderabad-10400772111/,2015 Maruti Alto 800,Verified Direct Seller,₹1.86 lakh,behind south india shopping mall Hyderabad,"48,411 km",Petrol,Manual,MH-46,[]
https://www.cars24.com/buy-used-tata-nexon-2022-cars-hyderabad-10472178115/,2022 Tata NEXON,Verified Direct Seller,₹9.50 lakh,Rockview Residency Rockview Residency Hyderabad,"38,567 km",Petrol,,TS-08,['Auto']
https://www.cars24.com/buy-used-tata-nexon-2023-cars-hyderabad-10474470191/,2023 Tata NEXON,Verified Direct Seller,₹6.50 lakh,null,"81,758 km",Petrol,Manual,TS-15,[]
https://www.cars24.com/buy-used-nissan-magnite-2021-cars-hyderabad-10406871114/,2021 Nissan MAGNITE,Verified Direct Seller,₹6.00 lakh,Bhoiguda Secunderabad Telangana,"47,080 km",Petrol,,TS-10,['Auto']
https://www.cars24.com/buy-used-renault-kwid-2016-cars-hyderabad-10430777180/,2016 Renault Kwid,Verified Direct Seller,₹1.97 lakh,Medchal-Malkajgiri BVRIT Women College Hyderabad,"85,886 km",Petrol,Manual,AP-16,[]
https://www.cars24.com/buy-used-maruti-swift-dzire-2017-cars-hyderabad-10483477151/,2017 Maruti Swift Dzire,Verified Direct Seller,₹3.35 lakh,Ambedkar Nagar Khanapur,"1,68,743 km",Diesel,Manual,TG-01,[]
https://www.cars24.com/buy-used-hyundai-venue-2024-cars-hyderabad-10483370117/,2024 Hyundai VENUE,Verified Direct Seller,₹8.50 lakh,Bharat Heavy Electricals Limited Ramachandrapuram Telangana,"51,381 km",Petrol,Manual,TG-07,[]
https://www.cars24.com/buy-used-maruti-baleno-2025-cars-hyderabad-10438271155/,2025 Maruti Baleno,Verified Direct Seller,₹9.20 lakh,Kukatpally Hyderabad Telangana,"32,329 km",CNG,Manual,AP-40,[]
https://www.cars24.com/buy-used-hyundai-creta-2016-cars-hyderabad-10403471181/,2016 Hyundai Creta,Verified Direct Seller,₹6.69 lakh,Jeedimetla Hyderabad Telangana,"1,28,295 km",Petrol,Manual,TS-08,[]
https://www.cars24.com/buy-used-hyundai-grand-i10-nios-2020-cars-hyderabad-10411076199/,2020 Hyundai GRAND I10 NIOS,Verified Direct Seller,₹5.22 lakh,Tolichowki Hyderabad Telangana,"39,374 km",Petrol,Manual,AP-39,[]
https://www.cars24.com/buy-used-kia-sonet-2024-cars-hyderabad-10417475199/,2024 KIA SONET,Verified Direct Seller,₹12.00 lakh,Khanamet Village Serlingampalle K.V.Rangareddy,"13,170 km",Petrol,,,"['Auto', '24-BH']"
https://www.cars24.com/buy-used-hyundai-new-i20-n-line-2023-cars-hyderabad-10425977185/,2023 Hyundai NEW I20 N LINE,Verified Direct Seller,₹10.00 lakh,My home vihanga financial district Hyderabad Telangana null K.V.Rangareddy,"19,005 km",Petrol,,TS-07,['Auto']
https://www.cars24.com/buy-used-hyundai-venue-2024-cars-hyderabad-10443975195/,2024 Hyundai VENUE,Verified Direct Seller,₹8.85 lakh,Kachiguda Hyderabad,"15,581 km",Petrol,Manual,TG-22,[]
https://www.cars24.com/buy-used-renault-lodgy-2015-cars-hyderabad-10438675180/,2015 Renault Lodgy,Verified Direct Seller,₹3.40 lakh,Secunderabad Telangana India,"2,23,845 km",Diesel,Manual,TS-03,[]
https://www.cars24.com/buy-used-maruti-vitara-brezza-2018-cars-hyderabad-10416778158/,2018 Maruti Vitara Brezza,Verified Direct Seller,₹6.70 lakh,Banjara Hills Hyderabad Telangana,"1,21,599 km",Diesel,Manual,TS-09,[]
https://www.cars24.com/buy-used-tata-nexon-2022-cars-hyderabad-10433094165/,2022 Tata NEXON,Verified Direct Seller,₹7.80 lakh,F8F5+M2Q Nallagandla Telangana,"62,068 km",Petrol,Manual,TS-07,[]
https://www.cars24.com/buy-used-tata-nexon-2022-cars-hyderabad-10449375156/,2022 Tata NEXON,Verified Direct Seller,₹7.60 lakh,Sathamrai Village Hyderabad,"72,139 km",Diesel,Manual,TS-09,[]
https://www.cars24.com/buy-used-maruti-swift-2015-cars-hyderabad-10485572188/,2015 Maruti Swift,Verified Direct Seller,₹4.50 lakh,Mangalhat Hyderabad Telangana,"99,351 km",Diesel,Manual,TS-12,[]
https://www.cars24.com/buy-used-ford-ecosport-2020-cars-hyderabad-10416673193/,2020 Ford Ecosport,Verified Direct Seller,₹6.30 lakh,SBR colony near Apollo pharmacy Hyderabad,"75,435 km",Diesel,Manual,TS-02,[]
https://www.cars24.com/buy-used-maruti-celerio-2017-cars-hyderabad-10480377195/,2017 Maruti Celerio,Verified Direct Seller,₹2.90 lakh,Lahari construction sharan enclance Hyderabad,"1,35,145 km",Petrol,Manual,TS-35,[]
https://www.cars24.com/buy-used-maruti-grand-vitara-2024-cars-hyderabad-10409978173/,2024 Maruti Grand Vitara,Verified Direct Seller,₹16.44 lakh,Nagole Hyderabad Telangana,"28,482 km",Hybrid,,TG-08,['Auto']
https://www.cars24.com/buy-used-tata-nexon-2018-cars-hyderabad-10434677117/,2018 Tata NEXON,Verified Direct Seller,₹6.70 lakh,Mallikarjuna nagar Mallikarjuna nagar Hyderabad,"1,14,549 km",Diesel,Manual,TS-08,[]
https://www.cars24.com/buy-used-kia-carens-2023-cars-hyderabad-10441778195/,2023 KIA CARENS,Verified Direct Seller,₹10.20 lakh,Umangar Colony Darbar The cafe Umangar colony Klr venture road near shivalayam temple Hyderabad,"34,904 km",Petrol,Manual,TS-08,[]
https://www.cars24.com/buy-used-hyundai-venue-2024-cars-hyderabad-10486797102/,2024 Hyundai VENUE,Verified Direct Seller,₹9.22 lakh,Jangareddy Colony Hathiguda Hyderabad,"26,520 km",Petrol,Manual,TG-07,[]
https://www.cars24.com/buy-used-tata-tiago-2019-cars-hyderabad-10432871181/,2019 Tata Tiago,Verified Direct Seller,₹3.85 lakh,null,"54,694 km",Petrol,Manual,TS-07,[]
https://www.cars24.com/buy-used-nissan-magnite-2024-cars-hyderabad-10499276179/,2024 Nissan MAGNITE,Verified Direct Seller,₹7.00 lakh,Gundlapochampally Hyderabad Telangana,"36,494 km",Petrol,,TG-21,['Auto']
https://www.cars24.com/buy-used-hyundai-grand-i10-2015-cars-hyderabad-10482375159/,2015 Hyundai Grand i10,Verified Direct Seller,₹3.57 lakh,Rai Durg Hyderabad Telangana,"1,55,946 km",Petrol,,AP-31,['Auto']
https://www.cars24.com/buy-used-tata-nexon-2020-cars-hyderabad-10446999104/,2020 Tata NEXON,Verified Direct Seller,₹5.00 lakh,Begumpet Begumpet Hyderabad,"50,343 km",Petrol,Manual,WB-20,[]
https://www.cars24.com/buy-used-honda-wr-v-2017-cars-hyderabad-10478675194/,2017 Honda WR-V,Verified Direct Seller,₹7.10 lakh,JK mansion,"77,133 km",Diesel,Manual,TS-07,[]
https://www.cars24.com/buy-used-ford-ecosport-2017-cars-hyderabad-10418977157/,2017 Ford Ecosport,Verified Direct Seller,₹3.80 lakh,New nallakunta Bayamma galli Hyderabad,"1,39,023 km",Diesel,Manual,TS-19,[]
https://www.cars24.com/buy-used-maruti-swift-2017-cars-hyderabad-10498274157/,2017 Maruti Swift,Verified Direct Seller,₹4.50 lakh,Church Church Secunderabad,"58,205 km",Petrol,Manual,TS-11,[]
https://www.cars24.com/buy-used-maruti-eeco-2019-cars-hyderabad-10423471181/,2019 Maruti Eeco,Verified Direct Seller,₹4.30 lakh,Tangos colony Tangos colony Hyderabad,"1,19,974 km",CNG,Manual,TS-13,[]
https://www.cars24.com/buy-used-maruti-baleno-2021-cars-hyderabad-10433076181/,2021 Maruti Baleno,Verified Direct Seller,₹6.00 lakh,Ground floor Ground floor Hyderabad,"75,892 km",Petrol,Manual,TS-11,[]
https://www.cars24.com/buy-used-tata-tigor-2018-cars-hyderabad-10432673188/,2018 Tata TIGOR,Verified Direct Seller,₹3.80 lakh,AS Rao Nagar Secunderabad,"1,17,668 km",Petrol,Manual,TS-08,[]
https://www.cars24.com/buy-used-mg-hector-2022-cars-hyderabad-10429679184/,2022 MG HECTOR,Verified Direct Seller,₹13.50 lakh,Puppalguda Hyderabad Telangana,"39,724 km",Diesel,Manual,KA-53,[]
https://www.cars24.com/buy-used-jeep-compass-2017-cars-hyderabad-10462290152/,2017 Jeep Compass,Verified Direct Seller,₹7.50 lakh,Toli Chowki Hyderabad Telangana,"1,86,579 km",Diesel,Manual,TS-13,[]
https://www.cars24.com/buy-used-tata-nexon-2023-cars-hyderabad-10430971174/,2023 Tata NEXON,Verified Direct Seller,₹9.00 lakh,Kompally Hyderabad Telangana,"33,719 km",Petrol,Manual,TS-08,[]
https://www.cars24.com/buy-used-hyundai-grand-i10-nios-2020-cars-hyderabad-10443676190/,2020 Hyundai GRAND I10 NIOS,Verified Direct Seller,₹5.45 lakh,Boduppal Hyderabad Telangana,"1,92,256 km",Diesel,Manual,TS-30,[]
https://www.cars24.com/buy-used-hyundai-verna-2013-cars-hyderabad-10424171119/,2013 Hyundai Verna,Verified Direct Seller,₹3.80 lakh,Khairtabad Hyderabad Telangana,"1,39,818 km",Diesel,Manual,AP-23,[]
https://www.cars24.com/buy-used-maruti-baleno-2021-cars-hyderabad-10427778182/,2021 Maruti Baleno,Verified Direct Seller,₹6.80 lakh,Vh vihar padmaja colony Opp Rajendra reddy nagar Hyderabad,"33,392 km",Petrol,Manual,TS-07,[]
https://www.cars24.com/buy-used-jeep-compass-2017-cars-hyderabad-10487074151/,2017 Jeep Compass,Verified Direct Seller,₹7.75 lakh,Prajay megapolis Prajay megapolis Hyderabad,"1,15,903 km",Diesel,Manual,AP-04,[]
https://www.cars24.com/buy-used-tata-punch-2021-cars-hyderabad-10451977115/,2021 Tata PUNCH,Verified Direct Seller,₹6.40 lakh,Alwal Secunderabad Telangana,"56,992 km",Petrol,,TS-07,['Auto']
https://www.cars24.com/buy-used-maruti-vitara-brezza-2016-cars-hyderabad-10482278158/,2016 Maruti Vitara Brezza,Verified Direct Seller,₹7.00 lakh,KPR Colony Manikonda Telangana,"87,838 km",Diesel,Manual,TS-10,[]
https://www.cars24.com/buy-used-nissan-magnite-2021-cars-hyderabad-10464978178/,2021 Nissan MAGNITE,Verified Direct Seller,₹6.10 lakh,No 6 - 32 House House anujiguda near sbi bank k pass Hyderabad,"63,885 km",Petrol,Manual,TS-08,[]
https://www.cars24.com/buy-used-maruti-xl6-2021-cars-hyderabad-10406479119/,2021 Maruti XL6,Verified Direct Seller,₹8.50 lakh,Kompally Hyderabad Telangana,"1,37,870 km",Petrol,Manual,TS-09,[]
https://www.cars24.com/buy-used-maruti-xl6-2021-cars-hyderabad-10428074177/,2021 Maruti XL6,Verified Direct Seller,₹9.27 lakh,IDA Kukatpally Kukatpally Hyderabad,"36,725 km",Petrol,Manual,TS-09,[]
https://www.cars24.com/buy-used-hyundai-i10-2013-cars-hyderabad-10424172180/,2013 Hyundai i10,Verified Direct Seller,₹3.32 lakh,Pragathi plaza PR Nagar Hyderabad,"60,039 km",Petrol,,AP-11,['Auto']
https://www.cars24.com/buy-used-hyundai-eon-2014-cars-hyderabad-10497774150/,2014 Hyundai Eon,Verified Direct Seller,₹1.55 lakh,Sainikpuri Secunderabad Telangana,"1,24,011 km",Petrol,Manual,AP-28,[]
https://www.cars24.com/buy-used-hyundai-alcazar-2024-cars-hyderabad-10419471158/,2024 Hyundai ALCAZAR,Verified Direct Seller,₹17.50 lakh,Hyderabad Telangana India,"13,696 km",Petrol,,AP-40,['Auto']
https://www.cars24.com/buy-used-tata-nexon-2023-cars-hyderabad-10469577173/,2023 Tata NEXON,Verified Direct Seller,₹9.50 lakh,Flat no 101 suwarna shiva apartments rd no 6 Samantha puri colony new nagole near by opp icici lane null Hyderabad,"55,884 km",Diesel,Manual,TS-07,[]
https://www.cars24.com/buy-used-maruti-xl6-2022-cars-hyderabad-10440570197/,2022 Maruti XL6,Verified Direct Seller,₹10.40 lakh,HUDA Colony Chanda Nagar Hyderabad,"66,406 km",Petrol,,TS-08,['Auto']
https://www.cars24.com/buy-used-maruti-xl6-2021-cars-hyderabad-10455973151/,2021 Maruti XL6,Verified Direct Seller,₹9.00 lakh,Saidabad Hyderabad Telangana,"40,875 km",Petrol,Manual,TS-05,[]
https://www.cars24.com/buy-used-maruti-alto-800-2015-cars-hyderabad-10451076156/,2015 Maruti Alto 800,Verified Direct Seller,₹2.12 lakh,Hyderabad Telangana India,"92,808 km",Petrol,Manual,TS-15,[]
https://www.cars24.com/buy-used-hyundai-elite-i20-2016-cars-hyderabad-10415579199/,2016 Hyundai Elite i20,Verified Direct Seller,₹4.85 lakh,Sharadha apartments vidhyanagar Sharadha apartments vidhyanagar Hyderabad,"1,04,103 km",Diesel,Manual,TS-13,[]
https://www.cars24.com/buy-used-mahindra-xuv300-2021-cars-hyderabad-10439571189/,2021 Mahindra XUV300,Verified Direct Seller,₹8.00 lakh,Temple road Temple road Hyderabad,"87,902 km",Diesel,Manual,TS-07,[]
https://www.cars24.com/buy-used-jeep-compass-2017-cars-hyderabad-10450975110/,2017 Jeep Compass,Verified Direct Seller,₹8.00 lakh,Namsasthe Telangana Buildings Namsasthe Telangana Buildings Hyderabad,"1,03,419 km",Petrol,,TS-09,['Auto']
https://www.cars24.com/buy-used-tata-punch-2024-cars-hyderabad-10413872191/,2024 Tata PUNCH,Verified Direct Seller,₹7.50 lakh,Vajiya kirshna residency plot 20&21IDPL GERU MURTI MAGAR 5FOLER Hyderabad,"24,230 km",CNG,Manual,TG-08,[]
https://www.cars24.com/buy-used-maruti-new-wagon-r-2019-cars-hyderabad-10456978179/,2019 Maruti New Wagon-R,Verified Direct Seller,₹3.50 lakh,vanasthalipuram plot no 350 K.V.Rangareddy,"1,50,181 km",CNG,Manual,TG-07,[]
https://www.cars24.com/buy-used-maruti-xl6-2023-cars-hyderabad-10479677174/,2023 Maruti XL6,Verified Direct Seller,₹11.64 lakh,near naqqar khan masjid HYDERABAD Hyderabad,"2,350 km",Petrol,Manual,TG-12,[]
https://www.cars24.com/buy-used-mg-astor-2024-cars-hyderabad-10453693165/,2024 MG ASTOR,Verified Direct Seller,₹11.50 lakh,Msk towers Msk towers Hyderabad,"19,989 km",Petrol,,TG-09,['Auto']
https://www.cars24.com/buy-used-hyundai-elite-i20-2016-cars-hyderabad-10435399197/,2016 Hyundai Elite i20,Verified Direct Seller,₹5.50 lakh,401 Manjusree Arcade Dr A S Rao Nagar Hyderabad,"47,890 km",Petrol,Manual,TS-08,[]
https://www.cars24.com/buy-used-hyundai-new-santro-2021-cars-hyderabad-10465495114/,2021 Hyundai NEW SANTRO,Verified Direct Seller,₹4.75 lakh,Opp lane of Sri Raghavendra tiffins Kanakadhara landmark apartments Secunderabad,"43,100 km",CNG,Manual,TS-08,[]
https://www.cars24.com/buy-used-maruti-grand-vitara-2024-cars-hyderabad-10415370193/,2024 Maruti Grand Vitara,Verified Direct Seller,₹16.50 lakh,Near spl school Near spl school Hyderabad,"6,968 km",Petrol,,TG-09,['Auto']
https://www.cars24.com/buy-used-tata-nexon-2019-cars-hyderabad-10417698163/,2019 Tata NEXON,Verified Direct Seller,₹7.15 lakh,807 Goukul Bhuvanam Opp croma nizampet K V Rangareddy,"76,379 km",Diesel,,TS-07,['Auto']
https://www.cars24.com/buy-used-ford-ecosport-2014-cars-hyderabad-10450478150/,2014 Ford Ecosport,Verified Direct Seller,₹4.40 lakh,Suraram Hyderabad Telangana,"1,62,902 km",Diesel,Manual,TS-05,[]
https://www.cars24.com/buy-used-hyundai-elite-i20-2016-cars-hyderabad-10434771190/,2016 Hyundai Elite i20,Verified Direct Seller,₹5.10 lakh,Borabanda Hyderabad Telangana,"58,984 km",Petrol,Manual,TS-09,[]
https://www.cars24.com/buy-used-kia-sonet-2024-cars-hyderabad-10456678195/,2024 KIA SONET,Verified Direct Seller,₹9.98 lakh,Plot No.112 Panchasheel Enclave Secunderabad,"36,547 km",Petrol,,TG-08,['Auto']
https://www.cars24.com/buy-used-maruti-swift-2014-cars-hyderabad-10492471180/,2014 Maruti Swift,Verified Direct Seller,₹3.30 lakh,Chintalmet Hyderabad Telangana,"92,974 km",Diesel,Manual,AP-01,[]
https://www.cars24.com/buy-used-mahindra-xuv500-2014-cars-hyderabad-10407771195/,2014 Mahindra XUV500,Verified Direct Seller,₹5.07 lakh,Bachupally Medchal-Malkajgiri Hyderabad,"1,62,707 km",Diesel,Manual,TS-08,[]
https://www.cars24.com/buy-used-volkswagen-ameo-2019-cars-hyderabad-10463470197/,2019 Volkswagen Ameo,Verified Direct Seller,₹3.88 lakh,Bachupally Hyderabad Telangana,"71,469 km",Diesel,Manual,TS-26,[]
https://www.cars24.com/buy-used-maruti-swift-2017-cars-hyderabad-10467071158/,2017 Maruti Swift,Verified Direct Seller,₹4.50 lakh,Saanvi Bliss apartment Nagaram Saanvi Bliss apartment Nagaram Hyderabad,"86,731 km",Petrol,Manual,TS-29,[]
https://www.cars24.com/buy-used-maruti-baleno-2017-cars-hyderabad-10435172187/,2017 Maruti Baleno,Verified Direct Seller,₹4.36 lakh,Kukatpally Kukatpally Housing Board Colony Hyderabad,"1,31,423 km",Petrol,Manual,TS-09,[]
https://www.cars24.com/buy-used-toyota-urban-cruiser-hyryder-2023-cars-hyderabad-10405771158/,2023 Toyota URBAN CRUISER HYRYDER,Verified Direct Seller,₹11.95 lakh,Gachibowli Hyderabad Telangana,"71,129 km",CNG,Manual,TS-07,[]
https://www.cars24.com/buy-used-hyundai-i20-active-2015-cars-hyderabad-10413779188/,2015 Hyundai i20 Active,Verified Direct Seller,₹4.73 lakh,Telangana India Ghatkesar,"67,786 km",Diesel,Manual,TG-08,[]
https://www.cars24.com/buy-used-maruti-swift-2024-cars-hyderabad-10423473159/,2024 Maruti Swift,Verified Direct Seller,₹8.00 lakh,Happy Homes Colony Hyderabad Telangana,"11,010 km",Petrol,,TG-07,['Auto']
https://www.cars24.com/buy-used-maruti-new-wagon-r-2020-cars-hyderabad-10486475159/,2020 Maruti New Wagon-R,Verified Direct Seller,₹4.10 lakh,Hyderabad Ramachandrapuram (BHEL Township) Telangana,"79,023 km",CNG,Manual,TS-10,[]
https://www.cars24.com/buy-used-tata-tiago-2021-cars-hyderabad-10473773152/,2021 Tata Tiago,Verified Direct Seller,₹5.19 lakh,Isnapur Hyderabad,"1,22,508 km",Petrol,Manual,TS-15,[]
https://www.cars24.com/buy-used-maruti-swift-2024-cars-hyderabad-10482070155/,2024 Maruti Swift,Verified Direct Seller,₹8.20 lakh,Bowenpally Secunderabad Telangana,"20,572 km",Petrol,Manual,TG-36,[]
https://www.cars24.com/buy-used-kia-seltos-2023-cars-hyderabad-10492373199/,2023 KIA SELTOS,Verified Direct Seller,₹13.90 lakh,east anadbagh malkajgiri Hyderabad,"44,708 km",Petrol,,TS-08,['Auto']
https://www.cars24.com/buy-used-hyundai-creta-2017-cars-hyderabad-10438071198/,2017 Hyundai Creta,Verified Direct Seller,₹9.51 lakh,Falcon Valley Shaikhpet Hyderabad,"35,054 km",Petrol,Manual,TS-13,[]
https://www.cars24.com/buy-used-honda-jazz-2018-cars-hyderabad-10419576178/,2018 Honda Jazz,Verified Direct Seller,₹5.50 lakh,Hafeezpet Hyderabad,"69,471 km",Petrol,,TS-08,['Auto']
https://www.cars24.com/buy-used-mahindra-xuv700-2022-cars-hyderabad-10406776154/,2022 Mahindra XUV700,Verified Direct Seller,₹20.50 lakh,Banjara Hills Hyderabad Telangana,"29,329 km",Petrol,,TS-09,['Auto']
https://www.cars24.com/buy-used-volkswagen-virtus-2024-cars-hyderabad-10440374198/,2024 Volkswagen VIRTUS,Verified Direct Seller,₹14.00 lakh,Manikonda Hyderabad Telangana,"28,206 km",Petrol,,PY-01,['Auto']
https://www.cars24.com/buy-used-honda-br-v-2017-cars-hyderabad-10444099147/,2017 Honda BR-V,Verified Direct Seller,₹5.60 lakh,NSL East County Uppal Hyderabad,"5,90,000 km",Diesel,Manual,OD-23,[]
https://www.cars24.com/buy-used-kia-carens-2022-cars-hyderabad-10454698108/,2022 KIA CARENS,Verified Direct Seller,₹11.10 lakh,Puppalaguda Manikonda Telangana,"54,090 km",Petrol,Manual,TS-07,[]
https://www.cars24.com/buy-used-kia-carens-2022-cars-hyderabad-10444093105/,2022 KIA CARENS,Verified Direct Seller,₹13.00 lakh,Chinthal Pipe line road Hyderabad,"65,114 km",Petrol,Manual,TS-08,[]
https://www.cars24.com/buy-used-kia-carens-2022-cars-hyderabad-10436196164/,2022 KIA CARENS,Verified Direct Seller,₹10.75 lakh,House number 10-5-15/C1 ELEGANCE APPARTMENTS MASAB TANK Hyderabad,"61,046 km",Petrol,Manual,TS-13,[]
https://www.cars24.com/buy-used-skoda-rapid-2018-cars-hyderabad-10425675119/,2018 Skoda Rapid,Verified Direct Seller,₹7.50 lakh,Flat 1005 B2 SMR Vinay Harmony County BandlagudaJagir K.V.Rangareddy,"79,672 km",Diesel,,TS-07,['Auto']
https://www.cars24.com/buy-used-hyundai-xcent-2014-cars-hyderabad-10440777154/,2014 Hyundai Xcent,Verified Direct Seller,₹3.00 lakh,Flat number 402 adike temple Near-gooden temple HYDERABAD,"95,363 km",Petrol,Manual,TS-09,[]
https://www.cars24.com/buy-used-maruti-new-wagon-r-2021-cars-hyderabad-10407873188/,2021 Maruti New Wagon-R,Verified Direct Seller,₹4.50 lakh,Hyderabad Telangana India,"80,851 km",CNG,Manual,TS-07,[]
https://www.cars24.com/buy-used-mahindra-xuv700-2025-cars-hyderabad-10490676196/,2025 Mahindra XUV700,Verified Direct Seller,₹21.37 lakh,Bolligudem chengicherla K.V.Rangareddy,"15,949 km",Diesel,Manual,TG-08,[]
https://www.cars24.com/buy-used-maruti-baleno-2021-cars-hyderabad-10445471181/,2021 Maruti Baleno,Verified Direct Seller,₹6.80 lakh,panchasheela colony Panc Hyderabad,"19,170 km",Petrol,Manual,TS-08,[]
https://www.cars24.com/buy-used-skoda-kylaq-2025-cars-hyderabad-10431377115/,2025 Skoda Kylaq,Verified Direct Seller,₹9.00 lakh,Ramachandrapuram Mandal Sangareddy Telangana,"23,398 km",Petrol,Manual,TG-15,[]
https://www.cars24.com/buy-used-tata-nexon-2021-cars-hyderabad-10469778155/,2021 Tata NEXON,Verified Direct Seller,₹6.80 lakh,Bandlaguda Jagir Telangana India,"33,311 km",Petrol,Manual,TS-07,[]
https://www.cars24.com/buy-used-maruti-swift-dzire-2019-cars-hyderabad-10420375180/,2019 Maruti Swift Dzire,Verified Direct Seller,₹4.60 lakh,Mettuguda Secunderabad,"1,50,626 km",Diesel,Manual,TS-38,[]
https://www.cars24.com/buy-used-kia-sonet-2021-cars-hyderabad-10497092111/,2021 KIA SONET,Verified Direct Seller,₹7.25 lakh,PNR Colony Ameenpur Hyderabad,"23,038 km",Petrol,Manual,TS-07,[]
https://www.cars24.com/buy-used-nissan-magnite-2021-cars-hyderabad-10403371175/,2021 Nissan MAGNITE,Verified Direct Seller,₹4.50 lakh,Tolichowki,"46,910 km",Petrol,Manual,TS-07,[]
https://www.cars24.com/buy-used-maruti-swift-2019-cars-hyderabad-10424074154/,2019 Maruti Swift,Verified Direct Seller,₹4.25 lakh,Ameerpet Hyderabad,"1,38,372 km",Petrol,,TS-07,['Auto']
https://www.cars24.com/buy-used-kia-seltos-2023-cars-hyderabad-10400876119/,2023 KIA SELTOS,Verified Direct Seller,₹20.10 lakh,Blooming dale road Nizampet Blooming dale road Nizampet Hyderabad,"35,098 km",Diesel,,TS-08,['Auto']
https://www.cars24.com/buy-used-skoda-kylaq-2025-cars-hyderabad-10471878114/,2025 Skoda Kylaq,Verified Direct Seller,₹10.50 lakh,H-No 3-7-10/A sirimallenagar colony Nalanda nagar Street number 13 upparpal ly K.V.Rangareddy,"14,899 km",Petrol,Manual,TG-07,[]
https://www.cars24.com/buy-used-nissan-magnite-2024-cars-hyderabad-10438979178/,2024 Nissan MAGNITE,Verified Direct Seller,₹6.00 lakh,Shaikpet Hyderabad Telangana,"19,919 km",Petrol,,TG-15,['Auto']
https://www.cars24.com/buy-used-volkswagen-vento-2019-cars-hyderabad-10497496146/,2019 Volkswagen Vento,Verified Direct Seller,₹7.50 lakh,Banjara Hills Hyderabad,"79,609 km",Petrol,,TS-15,['Auto']
https://www.cars24.com/buy-used-mahindra-thar-2022-cars-hyderabad-10480490102/,2022 Mahindra Thar,Verified Direct Seller,₹14.00 lakh,Flat 1308 B block S S Green Grace Appts Khajaguda Khajaguda Hyderabad Flat 1308 B block S S Green Grace Appts Khajaguda Khajaguda Hyderabad K.V.Rangareddy,"23,826 km",Diesel,,AP-39,['Auto']
https://www.cars24.com/buy-used-kia-seltos-2021-cars-hyderabad-10456994101/,2021 KIA SELTOS,Verified Direct Seller,₹10.70 lakh,Sainikpuri Secunderabad Telangana,"98,936 km",Diesel,Manual,AP-39,[]
https://www.cars24.com/buy-used-hyundai-venue-2021-cars-hyderabad-10490075114/,2021 Hyundai VENUE,Verified Direct Seller,₹8.49 lakh,Mangalhat Hyderabad Telangana,"9,673 km",Petrol,Manual,TS-13,[]
https://www.cars24.com/buy-used-bmw-x1-2020-cars-hyderabad-10459895196/,2020 BMW X1,Verified Direct Seller,₹24.54 lakh,,"22,470 km",Petrol,,TS-09,['Auto']
https://www.cars24.com/buy-used-hyundai-venue-2022-cars-hyderabad-10469295160/,2022 Hyundai VENUE,Verified Direct Seller,₹6.80 lakh,Shantiniketan Group Of Schools Ghatkesar Telangana,"71,909 km",Petrol,Manual,TS-07,[]
https://www.cars24.com/buy-used-renault-kiger-2023-cars-hyderabad-10426474173/,2023 Renault Kiger,Verified Direct Seller,₹5.50 lakh,Kukatpally Hyderabad Telangana,"47,377 km",Petrol,Manual,TS-08,[]
https://www.cars24.com/buy-used-maruti-xl6-2022-cars-hyderabad-10457075114/,2022 Maruti XL6,Verified Direct Seller,₹9.50 lakh,Marigold Mansion Marigold Mansion Hyderabad,"58,117 km",Petrol,,TS-07,['Auto']
https://www.cars24.com/buy-used-nissan-magnite-2022-cars-hyderabad-10481078159/,2022 Nissan MAGNITE,Verified Direct Seller,₹5.15 lakh,Yousufguda Hyderabad Telangana,"66,145 km",Petrol,Manual,TS-09,[]
https://www.cars24.com/buy-used-honda-city-2020-cars-hyderabad-10400477175/,2020 Honda City,Verified Direct Seller,₹8.50 lakh,Beisd emmas Miyapur Telangana,"87,209 km",Petrol,,TS-25,['Auto']
https://www.cars24.com/buy-used-maruti-swift-dzire-2014-cars-hyderabad-10403973154/,2014 Maruti Swift Dzire,Verified Direct Seller,₹4.15 lakh,Gachibowli Hyderabad Telangana,"78,352 km",Petrol,Manual,TS-07,[]
https://www.cars24.com/buy-used-maruti-wagon-r-1.0-2016-cars-hyderabad-10415273181/,2016 Maruti Wagon R 1.0,Verified Direct Seller,₹3.60 lakh,Hyderabad Telangana India,"31,947 km",Petrol,Manual,AP-31,[]
https://www.cars24.com/buy-used-hyundai-eon-2016-cars-hyderabad-10459874183/,2016 Hyundai Eon,Verified Direct Seller,₹1.80 lakh,Madhapur Hyderabad Telangana,"90,637 km",Petrol,Manual,TS-11,[]
https://www.cars24.com/buy-used-mahindra-xuv300-2023-cars-hyderabad-10425570189/,2023 Mahindra XUV300,Verified Direct Seller,₹8.70 lakh,KPHB Phase 2 Kukatpally Housing Board Colony Hyderabad,"45,529 km",Petrol,Manual,TS-08,[]
https://www.cars24.com/buy-used-maruti-ertiga-2016-cars-hyderabad-10441675155/,2016 Maruti Ertiga,Verified Direct Seller,₹6.50 lakh,Hayathnagar Hayathnagar Hayathnagar_Khalsa,"1,51,781 km",Diesel,Manual,TG-05,[]
https://www.cars24.com/buy-used-tata-altroz-2024-cars-hyderabad-10411772159/,2024 Tata ALTROZ,Verified Direct Seller,₹5.70 lakh,Hatathngar Hatathngar Hayathnagar_Khalsa,"25,462 km",Petrol,Manual,TG-26,[]
https://www.cars24.com/buy-used-kia-seltos-2022-cars-hyderabad-10483774159/,2022 KIA SELTOS,Verified Direct Seller,₹9.00 lakh,Bowrampet Hyderabad,"74,550 km",Petrol,Manual,TS-08,[]
https://www.cars24.com/buy-used-kia-syros-2025-cars-hyderabad-10460574157/,2025 KIA SYROS,Verified Direct Seller,₹18.50 lakh,Osman Shahi Osman Shahi Hyderabad,"24,715 km",Diesel,,TG-09,['Auto']
https://www.cars24.com/buy-used-tata-nexon-2019-cars-hyderabad-10490876178/,2019 Tata NEXON,Verified Direct Seller,₹4.80 lakh,Sita Meadows Badangpet Telangana,"97,536 km",Diesel,,HR-26,['Auto']
https://www.cars24.com/buy-used-ford-ecosport-2019-cars-hyderabad-10407778172/,2019 Ford Ecosport,Verified Direct Seller,₹6.00 lakh,near brindavan colony bolarum railway station Hyderabad,"76,029 km",Petrol,,TS-08,['Auto']
https://www.cars24.com/buy-used-tata-harrier-2020-cars-hyderabad-10477077112/,2020 Tata Harrier,Verified Direct Seller,₹11.50 lakh,null,"1,25,583 km",Diesel,,TS-08,['Auto']
https://www.cars24.com/buy-used-hyundai-verna-2012-cars-hyderabad-10461475185/,2012 Hyundai Verna,Verified Direct Seller,₹3.00 lakh,Kukatpally Hyderabad Telangana,"2,00,319 km",Diesel,Manual,AP-29,[]
https://www.cars24.com/buy-used-hyundai-elite-i20-2016-cars-hyderabad-10497374117/,2016 Hyundai Elite i20,Verified Direct Seller,₹4.82 lakh,Capri Capri Hyderabad,"92,919 km",Diesel,Manual,TS-09,[]
https://www.cars24.com/buy-used-kia-seltos-2023-cars-hyderabad-10404593103/,2023 KIA SELTOS,Verified Direct Seller,₹10.50 lakh,Cosmos bank Tirumala sha apartments Hyderabad,"35,346 km",Diesel,Manual,TS-09,[]
https://www.cars24.com/buy-used-hyundai-creta-2021-cars-hyderabad-10453576118/,2021 Hyundai Creta,Verified Direct Seller,₹11.00 lakh,Veterinary Colony Film Nagar Hyderabad,"16,493 km",Petrol,Manual,OD-23,[]
https://www.cars24.com/buy-used-tata-nexon-2020-cars-hyderabad-10481796169/,2020 Tata NEXON,Verified Direct Seller,₹4.91 lakh,Kondapur Hyderabad K.V.Rangareddy,"93,091 km",Petrol,Manual,TS-07,[]
https://www.cars24.com/buy-used-hyundai-creta-2018-cars-hyderabad-10444590116/,2018 Hyundai Creta,Verified Direct Seller,₹8.00 lakh,Himayatnagar Hyderabad Hyderabad,"43,101 km",Petrol,Manual,TS-09,[]
https://www.cars24.com/buy-used-tata-nexon-2023-cars-hyderabad-10451398162/,2023 Tata NEXON,Verified Direct Seller,₹10.50 lakh,Srrr bitras Srrr bitras Hyderabad,"78,384 km",Diesel,Manual,TS-07,[]
https://www.cars24.com/buy-used-nissan-magnite-2021-cars-hyderabad-10439090187/,2021 Nissan MAGNITE,Verified Direct Seller,₹4.50 lakh,BK Enclave Miyapur Telangana,"75,000 km",Petrol,Manual,TS-08,[]
https://www.cars24.com/buy-used-tata-nexon-2021-cars-hyderabad-10433798168/,2021 Tata NEXON,Verified Direct Seller,₹7.00 lakh,Secunderabad Telangana India,"95,619 km",Diesel,,TS-09,['Auto']
https://www.cars24.com/buy-used-tata-harrier-2020-cars-hyderabad-10490777193/,2020 Tata Harrier,Verified Direct Seller,₹12.91 lakh,Shaikpet Hyderabad Telangana,"45,478 km",Diesel,,TS-10,['Auto']
https://www.cars24.com/buy-used-kia-sonet-2022-cars-hyderabad-10414002777/,2022 KIA SONET,Verified Direct Seller,₹7.77 lakh,Nawab Saheb Kunta Hyderabad Telangana,"35,365 km",Petrol,Manual,TS-12,[]
https://www.cars24.com/buy-used-honda-amaze-2014-cars-hyderabad-10431479186/,2014 Honda Amaze,Verified Direct Seller,₹2.50 lakh,Nagole Hyderabad Telangana,"1,33,110 km",Diesel,Manual,TS-08,[]
https://www.cars24.com/buy-used-tata-nexon-2020-cars-hyderabad-10493475172/,2020 Tata NEXON,Verified Direct Seller,₹6.60 lakh,Eidgah road peeram cheruvu Hyderabad,"1,08,649 km",Diesel,,TS-08,['Auto']
https://www.cars24.com/buy-used-mg-hector-2019-cars-hyderabad-10427471111/,2019 MG HECTOR,Verified Direct Seller,₹9.60 lakh,Opp.Bramha Kumari Opp.Bramha Kumari Vanasthalipuram,"2,81,638 km",Diesel,Manual,TS-07,[]
https://www.cars24.com/buy-used-maruti-celerio-2017-cars-hyderabad-10484075115/,2017 Maruti Celerio,Verified Direct Seller,₹3.50 lakh,Balapur Hyderabad Telangana,"2,25,287 km",Petrol,Manual,TS-07,[]
https://www.cars24.com/buy-used-tata-nexon-2021-cars-hyderabad-10457576198/,2021 Tata NEXON,Verified Direct Seller,₹7.00 lakh,Sjn Upparpally Telangana,"1,61,823 km",Diesel,Manual,TS-07,[]
https://www.cars24.com/buy-used-kia-seltos-2023-cars-hyderabad-10476277152/,2023 KIA SELTOS,Verified Direct Seller,₹13.00 lakh,Sindhi Colony Begumpet Hyderabad,"64,059 km",Petrol,Manual,TS-36,[]
https://www.cars24.com/buy-used-maruti-swift-2025-cars-hyderabad-10462879183/,2025 Maruti Swift,Verified Direct Seller,₹7.60 lakh,NAVODAYA SCHOOL JAGATHGIRI GUTTA Hyderabad Telangana,"21,309 km",Petrol,Manual,TG-35,[]
https://www.cars24.com/buy-used-hyundai-venue-2021-cars-hyderabad-10453779178/,2021 Hyundai VENUE,Verified Direct Seller,₹7.92 lakh,Apartment 9 Apartment 9 Hyderabad,"29,965 km",Petrol,Manual,TS-08,[]
https://www.cars24.com/buy-used-kia-sonet-2022-cars-hyderabad-10461078114/,2022 KIA SONET,Verified Direct Seller,₹11.32 lakh,Nacharam Secunderabad Telangana,"51,686 km",Diesel,,TS-08,['Auto']
https://www.cars24.com/buy-used-honda-city-2017-cars-hyderabad-10481199161/,2017 Honda City,Verified Direct Seller,₹6.49 lakh,Gachibowli Hyderabad Telangana,"38,689 km",Petrol,,TS-07,['Auto']
https://www.cars24.com/buy-used-maruti-alto-800-2014-cars-hyderabad-10429272154/,2014 Maruti Alto 800,Verified Direct Seller,₹1.99 lakh,Bachupally Medchal-Malkajgiri Hyderabad,"52,654 km",Petrol,Manual,AP-09,[]
https://www.cars24.com/buy-used-maruti-dzire-2018-cars-hyderabad-10460476113/,2018 Maruti Dzire,Verified Direct Seller,₹4.70 lakh,Flat 1188 Floor 18th Tower 1 Prestige Tranquil Apartment Golden Mile Road Kokapet Flat 604 Babukhan Solitaire Apartment near AIG Hospital K.V.Rangareddy,"43,338 km",Petrol,Manual,KA-53,[]
https://www.cars24.com/buy-used-maruti-vitara-brezza-2016-cars-hyderabad-10491295159/,2016 Maruti Vitara Brezza,Verified Direct Seller,₹5.22 lakh,Kompally Hyderabad Telangana,"1,43,000 km",Diesel,Manual,AP-26,[]
https://www.cars24.com/buy-used-hyundai-verna-2012-cars-hyderabad-10462977156/,2012 Hyundai Verna,Verified Direct Seller,₹2.85 lakh,Madhapur Hyderabad Telangana,"1,69,288 km",Diesel,Manual,AP-28,[]
https://www.cars24.com/buy-used-hyundai-grand-i10-2013-cars-hyderabad-10464071174/,2013 Hyundai Grand i10,Verified Direct Seller,₹3.02 lakh,Hyderabad Upperpally Telangana,"39,291 km",Petrol,Manual,TG-07,[]
https://www.cars24.com/buy-used-tata-nexon-2022-cars-hyderabad-10416098166/,2022 Tata NEXON,Verified Direct Seller,₹8.70 lakh,3-59-41/1605 himagiri colony chengicherla chengicherla chengicherla bus depo hyderabad telangana Hyderabad,"46,549 km",Diesel,,TS-27,['Auto']
https://www.cars24.com/buy-used-hyundai-elite-i20-2015-cars-hyderabad-10408978112/,2015 Hyundai Elite i20,Verified Direct Seller,₹4.10 lakh,BIHIND POCHINA TEMPLE Hyderabad Telangana,"1,79,442 km",Diesel,Manual,TS-07,[]
https://www.cars24.com/buy-used-honda-amaze-2023-cars-hyderabad-10449170153/,2023 Honda Amaze,Verified Direct Seller,₹7.70 lakh,Kompally Hyderabad Telangana,"32,988 km",Petrol,,TS-08,['Auto']
https://www.cars24.com/buy-used-maruti-vitara-brezza-2021-cars-hyderabad-10471970178/,2021 Maruti Vitara Brezza,Verified Direct Seller,₹6.70 lakh,Tellapur Hyderabad Telangana,"1,04,993 km",Petrol,Manual,AP-39,[]
https://www.cars24.com/buy-used-maruti-dzire-2025-cars-hyderabad-10425891168/,2025 Maruti Dzire,Verified Direct Seller,₹8.99 lakh,Bachupally Hyderabad Telangana,"17,231 km",Petrol,,TG-08,['Auto']
https://www.cars24.com/buy-used-kia-seltos-2023-cars-hyderabad-10402472195/,2023 KIA SELTOS,Verified Direct Seller,₹12.28 lakh,Momin Mohalla Gadwal,"14,896 km",Petrol,Manual,TG-33,[]
https://www.cars24.com/buy-used-hyundai-new-i20-2023-cars-hyderabad-10476396168/,2023 Hyundai NEW I20,Verified Direct Seller,₹8.00 lakh,Bahadurpura West Hyderabad,"32,432 km",Petrol,Manual,TS-12,[]
https://www.cars24.com/buy-used-kia-sonet-2021-cars-hyderabad-10463677171/,2021 KIA SONET,Verified Direct Seller,₹7.50 lakh,Dammaiguda Secunderabad Telangana,"83,185 km",Petrol,Manual,TS-07,[]
https://www.cars24.com/buy-used-honda-city-2020-cars-hyderabad-10488898161/,2020 Honda City,Verified Direct Seller,₹7.50 lakh,Banjara Hills Hyderabad Telangana,"82,197 km",Petrol,Manual,TS-09,[]
https://www.cars24.com/buy-used-hyundai-new-i20-2025-cars-hyderabad-10405491163/,2025 Hyundai NEW I20,Verified Direct Seller,₹9.20 lakh,Khadak Pura Kurnool,"20,202 km",Petrol,Manual,AP-40,[]
https://www.cars24.com/buy-used-hyundai-creta-2020-cars-hyderabad-10406573113/,2020 Hyundai Creta,Verified Direct Seller,₹10.00 lakh,Puppalguda Hyderabad,"63,988 km",Petrol,,AP-39,['Auto']
https://www.cars24.com/buy-used-hyundai-creta-2020-cars-hyderabad-10425274193/,2020 Hyundai Creta,Verified Direct Seller,₹11.40 lakh,Moula Ali Hyderabad,"85,147 km",Diesel,Manual,TS-11,[]
https://www.cars24.com/buy-used-maruti-celerio-x-2020-cars-hyderabad-10491477196/,2020 Maruti Celerio X,Verified Direct Seller,₹4.05 lakh,Bachupally Hyderabad,"59,000 km",Petrol,,TS-08,['Auto']
https://www.cars24.com/buy-used-honda-br-v-2016-cars-hyderabad-10419394163/,2016 Honda BR-V,Verified Direct Seller,₹5.80 lakh,Flat 3202 Block 4 My home tarkshya Hyderabad,"78,366 km",Petrol,,MH-12,['Auto']
https://www.cars24.com/buy-used-maruti-ertiga-2013-cars-hyderabad-10499171180/,2013 Maruti Ertiga,Verified Direct Seller,₹4.38 lakh,Hyderabad Hyderabad Telangana,"1,31,253 km",Diesel,Manual,TS-12,[]
https://www.cars24.com/buy-used-tata-punch-2024-cars-hyderabad-10444171179/,2024 Tata PUNCH,Verified Direct Seller,₹7.00 lakh,Near hig park Kphb 9th phase Hyderabad,"33,769 km",CNG,Manual,AP-40,[]
https://www.cars24.com/buy-used-hyundai-venue-2022-cars-hyderabad-10493670117/,2022 Hyundai VENUE,Verified Direct Seller,₹10.50 lakh,Hyderabad Telangana Pin Code- K.V.Rangareddy,"43,420 km",Diesel,Manual,TS-07,[]
https://www.cars24.com/buy-used-jeep-compass-2018-cars-hyderabad-10475392125/,2018 Jeep Compass,Verified Direct Seller,₹9.75 lakh,Dr. A. S. Rao Nagar Secunderabad Telangana,"74,656 km",Petrol,,TS-10,['Auto']
https://www.cars24.com/buy-used-maruti-ciaz-2019-cars-hyderabad-10432377190/,2019 Maruti Ciaz,Verified Direct Seller,₹7.18 lakh,L. B. Nagar Hyderabad Telangana,"36,541 km",Petrol,,TS-08,['Auto']
https://www.cars24.com/buy-used-maruti-dzire-2017-cars-hyderabad-10478577111/,2017 Maruti Dzire,Verified Direct Seller,₹6.40 lakh,null Hyderabad Telangana,"1,93,900 km",Diesel,,AP-05,['Auto']
https://www.cars24.com/buy-used-mahindra-xuv500-2016-cars-hyderabad-10479576118/,2016 Mahindra XUV500,Verified Direct Seller,₹7.25 lakh,Secundrabad Hyderabad Hyderabad,"1,34,866 km",Diesel,,CH-01,['Auto']
https://www.cars24.com/buy-used-maruti-alto-800-2016-cars-hyderabad-10444278112/,2016 Maruti Alto 800,Verified Direct Seller,₹2.25 lakh,Chandrayangutta Hyderabad Telangana,"39,905 km",Petrol,Manual,TS-10,[]
https://www.cars24.com/buy-used-tata-punch-2022-cars-hyderabad-10410895167/,2022 Tata PUNCH,Verified Direct Seller,₹6.20 lakh,India Ngos colony K.V.Rangareddy,"42,246 km",Petrol,Manual,TS-23,[]
https://www.cars24.com/buy-used-volkswagen-polo-2020-cars-hyderabad-10462972118/,2020 Volkswagen Polo,Verified Direct Seller,₹6.50 lakh,Madhapur Hyderabad Telangana,"77,890 km",Petrol,,TS-08,['Auto']
https://www.cars24.com/buy-used-hyundai-creta-2022-cars-hyderabad-10430497161/,2022 Hyundai Creta,Verified Direct Seller,₹12.85 lakh,Mehdipatnam Mehdipatnam Hyderabad,"29,300 km",Petrol,Manual,TS-13,[]
https://www.cars24.com/buy-used-tata-punch-2023-cars-hyderabad-10438293168/,2023 Tata PUNCH,Verified Direct Seller,₹6.45 lakh,Puppalguda Hyderabad,"13,847 km",Petrol,Manual,TS-07,[]
https://www.cars24.com/buy-used-maruti-ciaz-2018-cars-hyderabad-10445474179/,2018 Maruti Ciaz,Verified Direct Seller,₹5.00 lakh,miyapur road Miyapur Hyderabad,"1,23,349 km",Petrol,,TS-09,['Auto']
https://www.cars24.com/buy-used-hyundai-eon-2013-cars-hyderabad-10475667728/,2013 Hyundai Eon,Verified Direct Seller,₹1.70 lakh,Nadargul Dawoodkhanguda Telangana,"75,705 km",Petrol,Manual,AP-11,[]
https://www.cars24.com/buy-used-honda-city-2017-cars-hyderabad-10477670199/,2017 Honda City,Verified Direct Seller,₹6.00 lakh,Kompally Medchal-Malkajgiri Hyderabad,"74,442 km",Petrol,Manual,TS-08,[]
https://www.cars24.com/buy-used-jeep-compass-2018-cars-hyderabad-10499573199/,2018 Jeep Compass,Verified Direct Seller,₹7.50 lakh,Narsijgi Narsijgi Narsingi,"1,23,148 km",Diesel,Manual,TS-09,[]
https://www.cars24.com/buy-used-nissan-kicks-2019-cars-hyderabad-10468992100/,2019 Nissan Kicks,Verified Direct Seller,₹5.10 lakh,Hyderabad Hyderabad Telangana,"63,950 km",Petrol,Manual,TS-09,[]
https://www.cars24.com/buy-used-toyota-yaris-2018-cars-hyderabad-10436194145/,2018 Toyota YARIS,Verified Direct Seller,₹6.12 lakh,Madhapur Hyderabad Telangana,"67,665 km",Petrol,Manual,TS-09,[]
https://www.cars24.com/buy-used-hyundai-grand-i10-nios-2020-cars-hyderabad-10499378158/,2020 Hyundai GRAND I10 NIOS,Verified Direct Seller,₹5.69 lakh,Dubey Colony Road Serilingampalle (M) Telangana,"30,423 km",Petrol,,TS-13,['Auto']
https://www.cars24.com/buy-used-tata-curvv-2025-cars-hyderabad-10453492168/,2025 Tata Curvv,Verified Direct Seller,₹14.00 lakh,Bhavyas Vankineni Pride Nizampet Hyderabad Medchal Malkajgiri Telangana Hyderabad,"4,677 km",Petrol,Manual,TG-08,[]
https://www.cars24.com/buy-used-kia-sonet-2021-cars-hyderabad-10499275113/,2021 KIA SONET,Verified Direct Seller,₹7.00 lakh,Ambedkar Nagar Senore Colony Behind HP petrol bunk,"1,03,678 km",Petrol,,TS-09,['Auto']
https://www.cars24.com/buy-used-honda-city-2015-cars-hyderabad-10493671197/,2015 Honda City,Verified Direct Seller,₹4.28 lakh,1-75-241/b sai Bhavani nagar Bangaaru maisamma wines Hyderabad,"83,759 km",Petrol,Manual,TS-09,[]
https://www.cars24.com/buy-used-tata-tiago-2016-cars-hyderabad-10432377159/,2016 Tata Tiago,Verified Direct Seller,₹2.49 lakh,Op Hanuman temple Humma Hyderabad,"1,23,741 km",Diesel,Manual,TS-34,[]
https://www.cars24.com/buy-used-hyundai-creta-n-line-2024-cars-hyderabad-10420590105/,2024 Hyundai Creta N Line,Verified Direct Seller,₹20.00 lakh,Habsiguda Hyderabad Hyderabad,"18,075 km",Petrol,,TG-08,['Auto']
https://www.cars24.com/buy-used-nissan-magnite-2023-cars-hyderabad-10449174154/,2023 Nissan MAGNITE,Verified Direct Seller,₹6.00 lakh,1st floor PP Nagar Gajularamaram Hyderabad,"47,121 km",Petrol,Manual,TS-08,[]
https://www.cars24.com/buy-used-toyota-innova-crysta-2021-cars-hyderabad-10483879198/,2021 Toyota Innova Crysta,Verified Direct Seller,₹21.00 lakh,null,"1,12,224 km",Diesel,Manual,AP-39,[]
https://www.cars24.com/buy-used-hyundai-grand-i10-2015-cars-hyderabad-10432274175/,2015 Hyundai Grand i10,Verified Direct Seller,₹3.25 lakh,Shirdi Sai Nagar Manikonda Telangana,"50,375 km",Petrol,Manual,TS-09,[]
https://www.cars24.com/buy-used-honda-city-2015-cars-hyderabad-10428573194/,2015 Honda City,Verified Direct Seller,₹4.20 lakh,Brodipet Guntur Andhra Pradesh,"1,18,633 km",Diesel,Manual,AP-37,[]
https://www.cars24.com/buy-used-tata-punch-2023-cars-hyderabad-10400877116/,2023 Tata PUNCH,Verified Direct Seller,₹7.80 lakh,Rajendra Nagar Mandal Hyderabad Telangana,"11,389 km",Petrol,,TS-07,['Auto']
https://www.cars24.com/buy-used-maruti-ciaz-2020-cars-hyderabad-10484375176/,2020 Maruti Ciaz,Verified Direct Seller,₹6.10 lakh,Bolarum Secunderabad Telangana,"73,112 km",Petrol,Manual,TS-09,[]
https://www.cars24.com/buy-used-mg-hector-plus-2021-cars-hyderabad-10493270115/,2021 MG HECTOR PLUS,Verified Direct Seller,₹12.50 lakh,Maheswari colony road 14 Ravi Teja Nilyam Hyderabad,"45,174 km",Petrol,Manual,TS-30,[]
https://www.cars24.com/buy-used-tata-nexon-2017-cars-hyderabad-10459374178/,2017 Tata NEXON,Verified Direct Seller,₹5.25 lakh,"P No 117, H No 9-257, New Gayatri Nagar 
R No 17","1,07,253 km",Diesel,Manual,TS-07,[]
https://www.cars24.com/buy-used-hyundai-creta-2017-cars-hyderabad-10498095114/,2017 Hyundai Creta,Verified Direct Seller,₹8.34 lakh,Gachibowli Hyderabad Telangana,"79,863 km",Diesel,Manual,TS-09,[]
https://www.cars24.com/buy-used-maruti-alto-800-2016-cars-hyderabad-10449672153/,2016 Maruti Alto 800,Verified Direct Seller,₹2.00 lakh,Banjara Hills Hyderabad Telangana,"65,715 km",Petrol,Manual,TS-04,[]
https://www.cars24.com/buy-used-hyundai-i10-2013-cars-hyderabad-10402076189/,2013 Hyundai i10,Verified Direct Seller,₹2.65 lakh,Vivekananda Nagar Opp Ncare Sumana Hospital Hyderabad,"53,168 km",Petrol,Manual,AP-28,[]
https://www.cars24.com/buy-used-hyundai-aura-2020-cars-hyderabad-10469779116/,2020 Hyundai AURA,Verified Direct Seller,₹6.50 lakh,Hyderabad Mansoorabad Telangana,"67,100 km",Petrol,,TS-07,['Auto']
https://www.cars24.com/buy-used-skoda-rapid-2018-cars-hyderabad-10475376114/,2018 Skoda Rapid,Verified Direct Seller,₹5.80 lakh,Jubilee hills Jubilee hills Hyderabad,"1,83,429 km",Diesel,,TS-07,['Auto']
https://www.cars24.com/buy-used-maruti-baleno-2017-cars-hyderabad-10402499167/,2017 Maruti Baleno,Verified Direct Seller,₹5.40 lakh,Kokapet Hyderabad Telangana,"33,868 km",Petrol,Manual,TS-07,[]
https://www.cars24.com/buy-used-ford-ecosport-2016-cars-hyderabad-10423675150/,2016 Ford Ecosport,Verified Direct Seller,₹4.95 lakh,Hayathnagar_Khalsa Hyderabad Telangana,"1,30,000 km",Diesel,Manual,TS-09,[]
https://www.cars24.com/buy-used-kia-sonet-2020-cars-hyderabad-10412275190/,2020 KIA SONET,Verified Direct Seller,₹7.30 lakh,Muppas Panchavati Colony Hyderabad,"1,45,958 km",Diesel,Manual,TS-06,[]
https://www.cars24.com/buy-used-mahindra-thar-2023-cars-hyderabad-10448997103/,2023 Mahindra Thar,Verified Direct Seller,₹12.00 lakh,Gachibowli Hyderabad Telangana,"44,674 km",Diesel,Manual,TS-07,[]
https://www.cars24.com/buy-used-mg-hector-plus-2021-cars-hyderabad-10467570171/,2021 MG HECTOR PLUS,Verified Direct Seller,₹12.00 lakh,Kanchan Bagh Hyderabad Telangana,"76,422 km",Petrol,,TS-07,['Auto']
https://www.cars24.com/buy-used-nissan-magnite-2023-cars-hyderabad-10442579171/,2023 Nissan MAGNITE,Verified Direct Seller,₹6.50 lakh,Amberpet Hyderabad Telangana,"5,581 km",Petrol,Manual,TS-10,[]
https://www.cars24.com/buy-used-mahindra-xuv500-2013-cars-hyderabad-10484476179/,2013 Mahindra XUV500,Verified Direct Seller,₹4.52 lakh,Block-D Vivekananda Nagar Hyderabad,"1,81,272 km",Diesel,Manual,AP-35,[]
https://www.cars24.com/buy-used-honda-city-2019-cars-hyderabad-10442971119/,2019 Honda City,Verified Direct Seller,₹7.19 lakh,Hyderabad Nallagandla Telangana,"36,483 km",Petrol,Manual,TS-07,[]
https://www.cars24.com/buy-used-tata-tigor-2021-cars-hyderabad-10403593100/,2021 Tata TIGOR,Verified Direct Seller,₹5.00 lakh,Kukatpally Hyderabad Telangana,"1,35,519 km",Petrol,,TS-09,['Auto']
https://www.cars24.com/buy-used-honda-amaze-2023-cars-hyderabad-10471772187/,2023 Honda Amaze,Verified Direct Seller,₹8.90 lakh,Kamlapuri Colony srinagar colony phase II Hyderabad,"6,325 km",Petrol,,TS-09,['Auto']
https://www.cars24.com/buy-used-mg-hector-plus-2020-cars-hyderabad-10423674151/,2020 MG HECTOR PLUS,Verified Direct Seller,₹11.00 lakh,Get well multi speciality hospital Get well multi speciality hospital Hyderabad,"1,01,154 km",Petrol,,TS-11,['Auto']
https://www.cars24.com/buy-used-mg-hector-2019-cars-hyderabad-10404972198/,2019 MG HECTOR,Verified Direct Seller,₹8.75 lakh,Auto Nagar Hyderabad Telangana,"1,44,930 km",Diesel,Manual,TS-07,[]
https://www.cars24.com/buy-used-hyundai-venue-2022-cars-hyderabad-10458070118/,2022 Hyundai VENUE,Verified Direct Seller,₹8.70 lakh,Manikonda Telangana India,"43,528 km",Petrol,Manual,TS-07,[]
https://www.cars24.com/buy-used-honda-city-2014-cars-hyderabad-10480570170/,2014 Honda City,Verified Direct Seller,₹4.36 lakh,Peerzadiguda Hyderabad Telangana,"99,108 km",Petrol,,TS-09,['Auto']
https://www.cars24.com/buy-used-honda-br-v-2018-cars-hyderabad-10429272117/,2018 Honda BR-V,Verified Direct Seller,₹5.65 lakh,Reddy colony Alekhya towers Hyderabad,"70,655 km",Petrol,Manual,TS-09,[]
https://www.cars24.com/buy-used-mahindra-xuv500-2016-cars-hyderabad-10405292160/,2016 Mahindra XUV500,Verified Direct Seller,₹7.50 lakh,Banjara Hills Hyderabad Telangana,"1,48,235 km",Diesel,Manual,TS-10,[]
https://www.cars24.com/buy-used-hyundai-grand-i10-2015-cars-hyderabad-10471699141/,2015 Hyundai Grand i10,Verified Direct Seller,₹3.30 lakh,East Marredpally Secunderabad Telangana,"1,91,360 km",Petrol,Manual,TS-08,[]
https://www.cars24.com/buy-used-hyundai-new-i20-2023-cars-hyderabad-10446972179/,2023 Hyundai NEW I20,Verified Direct Seller,₹7.20 lakh,Kondapur Hyderabad Telangana,"20,167 km",Petrol,Manual,,['23-BH']
https://www.cars24.com/buy-used-hyundai-venue-2022-cars-hyderabad-10407772192/,2022 Hyundai VENUE,Verified Direct Seller,₹9.44 lakh,Kompally Hyderabad Telangana,"37,163 km",Diesel,Manual,TS-08,[]
https://www.cars24.com/buy-used-tata-tiago-2024-cars-hyderabad-10490572175/,2024 Tata Tiago,Verified Direct Seller,₹6.30 lakh,Yella Reddy Guda Hyderabad Telangana,"3,534 km",Petrol,,TG-08,['Auto']
https://www.cars24.com/buy-used-hyundai-creta-2018-cars-hyderabad-10441675198/,2018 Hyundai Creta,Verified Direct Seller,₹7.50 lakh,Gudi Malkapur Road Balaji Nagar Hyderabad,"53,232 km",Petrol,Manual,TS-07,[]
https://www.cars24.com/buy-used-mg-hector-plus-2021-cars-hyderabad-10479475172/,2021 MG HECTOR PLUS,Verified Direct Seller,₹12.75 lakh,near hanuman temple Jambagh Road Wakil Wadi Jam Bagh Hyderabad,"53,182 km",Petrol,,TS-09,['Auto']
https://www.cars24.com/buy-used-tata-punch-2022-cars-hyderabad-10475173198/,2022 Tata PUNCH,Verified Direct Seller,₹6.60 lakh,Mettakanigudem Hyderabad Telangana,"41,244 km",Petrol,,TS-08,['Auto']
https://www.cars24.com/buy-used-hyundai-venue-2020-cars-hyderabad-10449172190/,2020 Hyundai VENUE,Verified Direct Seller,₹6.80 lakh,Boduppal Secunderabad Telangana,"27,687 km",Petrol,Manual,TS-08,[]
https://www.cars24.com/buy-used-honda-city-2015-cars-hyderabad-10414178190/,2015 Honda City,Verified Direct Seller,₹3.99 lakh,Brindavan colony Tolichowki Brindavan colony Tolichowki Hyderabad,"85,214 km",Petrol,Manual,TS-09,[]
https://www.cars24.com/buy-used-maruti-ciaz-2017-cars-hyderabad-10490871199/,2017 Maruti Ciaz,Verified Direct Seller,₹5.40 lakh,phase 3 IDA Cherlapally Hyderabad Telangana K.V.Rangareddy,"1,63,627 km",Diesel,Manual,TS-08,[]
https://www.cars24.com/buy-used-skoda-rapid-2019-cars-hyderabad-10478392166/,2019 Skoda Rapid,Verified Direct Seller,₹5.10 lakh,Gayathri nagar Gayathri nagar Hyderabad,"1,28,146 km",Petrol,,TS-09,['Auto']
https://www.cars24.com/buy-used-hyundai-elite-i20-2020-cars-hyderabad-10498570175/,2020 Hyundai Elite i20,Verified Direct Seller,₹4.95 lakh,"Dinesh Homes, Road No 4, Bhavanipuram Colony, Ashok Nagar Hyderabad","1,41,090 km",Petrol,Manual,AP-39,[]
https://www.cars24.com/buy-used-tata-tiago-2016-cars-hyderabad-10414074155/,2016 Tata Tiago,Verified Direct Seller,₹3.15 lakh,Pocharam Hyderabad Telangana,"1,47,699 km",Diesel,Manual,TS-10,[]
https://www.cars24.com/buy-used-renault-triber-2020-cars-hyderabad-10494474119/,2020 Renault TRIBER,Verified Direct Seller,₹5.50 lakh,AS Rao Nagar Hyderabad,"37,695 km",Petrol,,TS-08,['Auto']
https://www.cars24.com/buy-used-maruti-eeco-2020-cars-hyderabad-10498876153/,2020 Maruti Eeco,Verified Direct Seller,₹4.70 lakh,Peeramcheru Hyderabad Telangana,"50,474 km",Petrol,Manual,TS-09,[]
https://www.cars24.com/buy-used-tata-punch-2022-cars-hyderabad-10460175112/,2022 Tata PUNCH,Verified Direct Seller,₹7.10 lakh,Pbel city Pbel city Peeramcheru,"30,693 km",Petrol,,TS-07,['Auto']
https://www.cars24.com/buy-used-mahindra-xuv500-2015-cars-hyderabad-10412777170/,2015 Mahindra XUV500,Verified Direct Seller,₹7.90 lakh,Ramgopalpet Hyderabad Telangana,"89,891 km",Diesel,Manual,TS-10,[]
https://www.cars24.com/buy-used-hyundai-venue-2019-cars-hyderabad-10462875179/,2019 Hyundai VENUE,Verified Direct Seller,₹7.98 lakh,Rangareddy Opp Kanchi cafe Manikonda,"58,805 km",Diesel,Manual,TS-07,[]
https://www.cars24.com/buy-used-hyundai-verna-2021-cars-hyderabad-10469079158/,2021 Hyundai Verna,Verified Direct Seller,₹8.00 lakh,"22-5-844, Pathergatti Rd","81,070 km",Petrol,Manual,TS-16,[]
https://www.cars24.com/buy-used-tata-altroz-2023-cars-hyderabad-10410178118/,2023 Tata ALTROZ,Verified Direct Seller,₹8.00 lakh,New Bowenpally Secunderabad Telangana,"64,541 km",Diesel,Manual,TS-10,[]
https://www.cars24.com/buy-used-maruti-new-wagon-r-2022-cars-hyderabad-10420475159/,2022 Maruti New Wagon-R,Verified Direct Seller,₹5.60 lakh,Tapadia nivas Tapadia nivas Hyderabad,"25,844 km",CNG,Manual,TS-12,[]
https://www.cars24.com/buy-used-hyundai-new-i20-2021-cars-hyderabad-10445979172/,2021 Hyundai NEW I20,Verified Direct Seller,₹7.74 lakh,PRAGATHI NAGAR Hyderabad,"47,053 km",Petrol,,TS-09,['Auto']
https://www.cars24.com/buy-used-mahindra-thar-2022-cars-hyderabad-10444193168/,2022 Mahindra Thar,Verified Direct Seller,₹14.40 lakh,Boduppal Hyderabad Telangana,"69,694 km",Diesel,,TS-08,['Auto']
https://www.cars24.com/buy-used-maruti-ertiga-2023-cars-hyderabad-10449174197/,2023 Maruti Ertiga,Verified Direct Seller,₹10.60 lakh,Gachibowli Hyderabad Telangana,"29,444 km",Petrol,Manual,TS-07,[]
https://www.cars24.com/buy-used-tata-hexa-2018-cars-hyderabad-10446375116/,2018 Tata Hexa,Verified Direct Seller,₹8.65 lakh,Old Bowenpally Secunderabad Telangana,"1,10,355 km",Diesel,Manual,TS-29,[]
https://www.cars24.com/buy-used-maruti-swift-2025-cars-hyderabad-10444875181/,2025 Maruti Swift,Verified Direct Seller,₹8.20 lakh,SV SNR County Hyderabad Telangana,"2,284 km",Petrol,Manual,TG-07,[]
https://www.cars24.com/buy-used-hyundai-creta-2023-cars-hyderabad-10496272195/,2023 Hyundai Creta,Verified Direct Seller,₹13.00 lakh,Hayathnagar_Khalsa Hathiguda Telangana,"24,172 km",Petrol,Manual,,['23-BH']
https://www.cars24.com/buy-used-hyundai-grand-i10-nios-2020-cars-hyderabad-10495975173/,2020 Hyundai GRAND I10 NIOS,Verified Direct Seller,₹6.10 lakh,opp GHMC commumity Hall Hyderabad,"26,109 km",Petrol,,TS-07,['Auto']
https://www.cars24.com/buy-used-maruti-eeco-2023-cars-hyderabad-10416173154/,2023 Maruti Eeco,Verified Direct Seller,₹5.90 lakh,Bachupally Medchal-Malkajgiri Hyderabad,"45,110 km",Petrol,Manual,TS-15,[]
https://www.cars24.com/buy-used-hyundai-grand-i10-nios-2019-cars-hyderabad-10427894169/,2019 Hyundai GRAND I10 NIOS,Verified Direct Seller,₹5.75 lakh,I-ll-50/9 Begum pet Mohammed ya masjid Telangana hyd Hyderabad,"43,176 km",Petrol,,TS-10,['Auto']
https://www.cars24.com/buy-used-maruti-baleno-2020-cars-hyderabad-10403075170/,2020 Maruti Baleno,Verified Direct Seller,₹6.10 lakh,8th block 1st wingHyderabad Hyderabad,"55,681 km",Petrol,Manual,AP-39,[]
https://www.cars24.com/buy-used-tata-nexon-2018-cars-hyderabad-10419075194/,2018 Tata NEXON,Verified Direct Seller,₹4.90 lakh,Medchal Hyderabad Telangana,"80,544 km",Petrol,Manual,TS-08,[]
https://www.cars24.com/buy-used-tata-punch-2022-cars-hyderabad-10491197161/,2022 Tata PUNCH,Verified Direct Seller,₹6.40 lakh,Hafeezpet Miyapur Mathrusri Nagar,"32,489 km",Petrol,Manual,TS-07,[]
https://www.cars24.com/buy-used-mahindra-xuv700-2023-cars-hyderabad-10433479193/,2023 Mahindra XUV700,Verified Direct Seller,₹20.00 lakh,Serilingampalle (M) Hyderabad Telangana,"21,530 km",Diesel,,TS-07,['Auto']
https://www.cars24.com/buy-used-tata-nexon-2018-cars-hyderabad-10406699127/,2018 Tata NEXON,Verified Direct Seller,₹4.80 lakh,Car parking Visakanagar phase2 road no5 Hyderabad,"84,415 km",Petrol,Manual,TS-10,[]
https://www.cars24.com/buy-used-maruti-vitara-brezza-2021-cars-hyderabad-10449194162/,2021 Maruti Vitara Brezza,Verified Direct Seller,₹7.73 lakh,Mla colony Mla colony Hyderabad,"72,477 km",Petrol,Manual,TS-09,[]
https://www.cars24.com/buy-used-hyundai-xcent-2017-cars-hyderabad-10463294160/,2017 Hyundai Xcent,Verified Direct Seller,₹3.40 lakh,Indira Nagar Gachibowli K.V.Rangareddy,"1,07,329 km",Petrol,Manual,JH-05,[]
https://www.cars24.com/buy-used-maruti-eeco-2018-cars-hyderabad-10497378154/,2018 Maruti Eeco,Verified Direct Seller,₹3.20 lakh,ATTAPUR WARD OFFICE GHMC Rambagh Colony Hyderabad Telangana,"1,19,560 km",Petrol,Manual,TS-07,[]
https://www.cars24.com/buy-used-skoda-kodiaq-2018-cars-hyderabad-10428592101/,2018 Skoda Kodiaq,Verified Direct Seller,₹16.83 lakh,Madhapur Hyderabad Telangana,"81,494 km",Diesel,,TS-08,['Auto']
https://www.cars24.com/buy-used-honda-city-2017-cars-hyderabad-10466394104/,2017 Honda City,Verified Direct Seller,₹6.50 lakh,Asifnagar Hyderabad Hyderabad,"67,093 km",Petrol,Manual,KA-05,[]
https://www.cars24.com/buy-used-mahindra-xuv500-2018-cars-hyderabad-10440392164/,2018 Mahindra XUV500,Verified Direct Seller,₹9.20 lakh,Gowliguda Hyderabad Telangana,"1,78,174 km",Diesel,,TS-11,['Auto']
https://www.cars24.com/buy-used-tata-curvv-2025-cars-hyderabad-10452277194/,2025 Tata Curvv,Verified Direct Seller,₹10.00 lakh,Provident Kenworth Provident Kenworth Hyderabad,"36,956 km",Petrol,Manual,PY-05,[]
https://www.cars24.com/buy-used-tata-nexon-2017-cars-hyderabad-10401579173/,2017 Tata NEXON,Verified Direct Seller,₹4.70 lakh,Gudes residency block A Gudes residency block A Hyderabad,"1,80,176 km",Diesel,Manual,TS-05,[]
https://www.cars24.com/buy-used-tata-safari-2022-cars-hyderabad-10463175173/,2022 Tata Safari,Verified Direct Seller,₹16.50 lakh,Hyderabad Hyderabad Hyderabad,"13,778 km",Diesel,Manual,TS-07,[]
https://www.cars24.com/buy-used-hyundai-elite-i20-2019-cars-hyderabad-10450692105/,2019 Hyundai Elite i20,Verified Direct Seller,₹5.50 lakh,Koti Hyderabad,"68,425 km",Petrol,Manual,TS-08,[]
https://www.cars24.com/buy-used-mg-hector-2019-cars-hyderabad-10400995102/,2019 MG HECTOR,Verified Direct Seller,₹9.50 lakh,Narsingi Nanakramguda HYDERABAD,"55,452 km",Petrol,,TS-07,['Auto']
https://www.cars24.com/buy-used-mahindra-thar-2023-cars-hyderabad-10471478153/,2023 Mahindra Thar,Verified Direct Seller,₹14.80 lakh,Boduppal Hyderabad Telangana,"55,491 km",Diesel,Manual,TS-08,[]
https://www.cars24.com/buy-used-hyundai-grand-i10-nios-2022-cars-hyderabad-10484678194/,2022 Hyundai GRAND I10 NIOS,Verified Direct Seller,₹6.00 lakh,Rai Durg Hyderabad Telangana,"70,754 km",Diesel,,TS-09,['Auto']
https://www.cars24.com/buy-used-maruti-ciaz-2020-cars-hyderabad-10488294167/,2020 Maruti Ciaz,Verified Direct Seller,₹6.50 lakh,Nampally Hyderabad Telangana,"65,941 km",Petrol,Manual,TS-09,[]
https://www.cars24.com/buy-used-honda-amaze-2016-cars-hyderabad-10468473171/,2016 Honda Amaze,Verified Direct Seller,₹4.20 lakh,Old Bowenpally Secunderabad Telangana,"43,933 km",Petrol,Manual,TS-07,[]
https://www.cars24.com/buy-used-hyundai-venue-2022-cars-hyderabad-10415071175/,2022 Hyundai VENUE,Verified Direct Seller,₹8.50 lakh,Green Park Pet Basheerbad Beside HDFC bank,"88,694 km",Diesel,Manual,TS-08,[]
https://www.cars24.com/buy-used-maruti-celerio-2017-cars-hyderabad-10444775175/,2017 Maruti Celerio,Verified Direct Seller,₹4.30 lakh,Devistana homes villa no 57 kukatpally,"18,364 km",Petrol,,TS-08,['Auto']
https://www.cars24.com/buy-used-renault-kwid-2017-cars-hyderabad-10422590161/,2017 Renault Kwid,Verified Direct Seller,₹2.30 lakh,Bharat Heavy Electricals Limited Hyderabad Telangana,"78,788 km",Petrol,Manual,TS-07,[]
https://www.cars24.com/buy-used-hyundai-grand-i10-2016-cars-hyderabad-10445772195/,2016 Hyundai Grand i10,Verified Direct Seller,₹3.35 lakh,GB RESIDENCY NIZAMPET,"84,417 km",Petrol,Manual,TS-07,[]
https://www.cars24.com/buy-used-maruti-baleno-2024-cars-hyderabad-10428472197/,2024 Maruti Baleno,Verified Direct Seller,₹8.30 lakh,JVK Homes Jv Colony Gachibowli K.V.Rangareddy,"34,162 km",CNG,Manual,TG-04,[]
https://www.cars24.com/buy-used-volkswagen-polo-2014-cars-hyderabad-10480579157/,2014 Volkswagen Polo,Verified Direct Seller,₹2.70 lakh,Kala Dera Opposite football ground Hyderabad,"1,31,185 km",Diesel,Manual,TS-10,[]
https://www.cars24.com/buy-used-maruti-brezza-2024-cars-hyderabad-10459378192/,2024 Maruti BREZZA,Verified Direct Seller,₹10.00 lakh,Near prakash Talkies Near Hanuman mandir Hyderabad,"30,416 km",Petrol,Manual,TG-13,[]
https://www.cars24.com/buy-used-mg-astor-2024-cars-hyderabad-10446678110/,2024 MG ASTOR,Verified Direct Seller,₹10.00 lakh,Hyderabad Telangana India,"16,164 km",Petrol,Manual,TG-07,[]
https://www.cars24.com/buy-used-maruti-celerio-2016-cars-hyderabad-10475778180/,2016 Maruti Celerio,Verified Direct Seller,₹2.40 lakh,Toli Chowki Hyderabad Telangana,"1,44,559 km",Diesel,Manual,TS-09,[]
https://www.cars24.com/buy-used-hyundai-new-i20-2021-cars-hyderabad-10436970197/,2021 Hyundai NEW I20,Verified Direct Seller,₹7.52 lakh,Uppal Hyderabad Telangana,"11,440 km",Petrol,Manual,TS-08,[]
https://www.cars24.com/buy-used-tata-altroz-2026-cars-hyderabad-10437690162/,2026 Tata ALTROZ,Verified Direct Seller,₹6.85 lakh,Bachupally Hyderabad Telangana,"12,531 km",Petrol,Manual,TG-08,[]
https://www.cars24.com/buy-used-tata-altroz-2022-cars-hyderabad-10424273113/,2022 Tata ALTROZ,Verified Direct Seller,₹6.50 lakh,Maheswari Nagar Beside habsiguda comm hall Hyderabad,"68,871 km",Petrol,,TS-07,['Auto']
https://www.cars24.com/buy-used-maruti-vitara-brezza-2022-cars-hyderabad-10491472110/,2022 Maruti Vitara Brezza,Verified Direct Seller,₹6.90 lakh,"Shweta Aryan Apartment, Pipeline Road, Sriram Nagar","39,782 km",Petrol,Manual,HR-87,[]
https://www.cars24.com/buy-used-maruti-ciaz-2015-cars-hyderabad-10402570113/,2015 Maruti Ciaz,Verified Direct Seller,₹4.67 lakh,kondapur 201 pristine fern K.V.Rangareddy,"1,72,716 km",Diesel,Manual,AP-16,[]
https://www.cars24.com/buy-used-maruti-dzire-2024-cars-hyderabad-10426470152/,2024 Maruti Dzire,Verified Direct Seller,₹6.25 lakh,Himayatnagar Hyderabad Telangana,"1,40,671 km",Petrol,Manual,KA-05,[]
https://www.cars24.com/buy-used-hyundai-grand-i10-2016-cars-hyderabad-10454575174/,2016 Hyundai Grand i10,Verified Direct Seller,₹3.75 lakh,Raj Bhavan road,"41,899 km",Petrol,Manual,TS-09,[]
https://www.cars24.com/buy-used-toyota-yaris-2018-cars-hyderabad-10420493106/,2018 Toyota YARIS,Verified Direct Seller,₹6.50 lakh,Panchavati colony Panchavati colony Hyderabad,"1,49,982 km",Petrol,,TS-07,['Auto']
https://www.cars24.com/buy-used-honda-amaze-2019-cars-hyderabad-10453875191/,2019 Honda Amaze,Verified Direct Seller,₹4.91 lakh,"Plot no 27, Krishna nagar colony road no 3
Hayath nagar","82,025 km",Petrol,Manual,TS-07,[]
https://www.cars24.com/buy-used-nissan-terrano-2015-cars-hyderabad-10458973158/,2015 Nissan Terrano,Verified Direct Seller,₹3.57 lakh,Hafeezpet Madeenaguda Telangana,"91,777 km",Diesel,Manual,TS-07,[]
https://www.cars24.com/buy-used-skoda-slavia-2022-cars-hyderabad-10402371116/,2022 Skoda SLAVIA,Verified Direct Seller,₹12.00 lakh,Brindavan gardens Gandiguda,"64,648 km",Petrol,,TS-07,['Auto']
https://www.cars24.com/buy-used-hyundai-new-i20-2021-cars-hyderabad-10408978175/,2021 Hyundai NEW I20,Verified Direct Seller,₹8.00 lakh,Basheer Bagh Hyderabad Telangana,"22,507 km",Petrol,Manual,TS-19,[]
https://www.cars24.com/buy-used-mg-hector-2020-cars-hyderabad-10489790144/,2020 MG HECTOR,Verified Direct Seller,₹11.00 lakh,Sainikpuri Secunderabad Telangana,"60,225 km",Petrol,Manual,TS-08,[]
https://www.cars24.com/buy-used-renault-triber-2021-cars-hyderabad-10416473178/,2021 Renault TRIBER,Verified Direct Seller,₹4.50 lakh,Medchal-Malkajgiri Sadbhaavana township Secunderabad,"42,121 km",Petrol,Manual,TS-08,[]
https://www.cars24.com/buy-used-renault-triber-2019-cars-hyderabad-10432792163/,2019 Renault TRIBER,Verified Direct Seller,₹4.30 lakh,Choutuppal Choutuppal,"65,000 km",Petrol,Manual,TS-08,[]
https://www.cars24.com/buy-used-tata-tiago-nrg-2022-cars-hyderabad-10416096166/,2022 Tata TIAGO NRG,Verified Direct Seller,₹4.50 lakh,Kompally Secunderabad,"31,360 km",Petrol,Manual,TS-26,[]
https://www.cars24.com/buy-used-nissan-magnite-2022-cars-hyderabad-10421674199/,2022 Nissan MAGNITE,Verified Direct Seller,₹4.40 lakh,IDA Kukatpally Kukatpally Hyderabad,"64,273 km",Petrol,Manual,TS-07,[]
